product,region,price_floor_usd,price_ceiling_usd,source
اکریلو نیتریل بوتادین استایرن (ABS),آسیای شرقی,1499,1501,Platts
اکریلو نیتریل بوتادین استایرن (ABS),آسیای جنوب شرقی,1544,1546,Platts
اکریلو نیتریل بوتادین استایرن (ABS),جنوب آسیا,-,-,Platts
اکریلو نیتریل بوتادین استایرن (ABS),شمال غرب اروپا FOB,1858,1862,Platts
اکریلو نیتریل بوتادین استایرن (ABS),ترکیه CFR,-,-,Platts
اکریلو نیتریل بوتادین استایرن (ABS),شمال آفریقا CFR,-,-,Platts
اکریلو نیتریل بوتادین استایرن (ABS),غرب آفریقا CFR,-,-,Platts
اکریلو نیتریل بوتادین استایرن (ABS),NWE (FOB),-,-,ICIS
اکریلو نیتریل بوتادین استایرن (ABS),Turkey (CPT) Iranian,-,-,ICIS
اکریلو نیتریل بوتادین استایرن (ABS),China (CFR),-,-,ICIS
اکریلو نیتریل بوتادین استایرن (ABS),India (CFR),1300,1350,ICIS
اکریلو نیتریل بوتادین استایرن (ABS),OTHERS (CFR),-,-,ICIS
اکریلو نیتریل بوتادین استایرن (ABS),GCC(CFR),-,-,ICIS
اکریلو نیتریل بوتادین استایرن (ABS),ME(CFR),-,-,ICIS
اکریلو نیتریل بوتادین استایرن (ABS),NWE (FD) Eur/MT,-,-,ICIS
اکریلو نیتریل بوتادین استایرن (ABS),SEA(CFR),1295,1380,ICIS
اکریلو نیتریل بوتادین استایرن (ABS),CFR East Med,-,-,ICIS
اکریلو نیتریل بوتادین استایرن (ABS),CFR Pakistan,-,-,ICIS
اکریلو نیتریل بوتادین استایرن (ABS),FOB South Korea,-,-,ICIS
اکریلو نیتریل بوتادین استایرن (ABS),FOB Taiwan,-,-,ICIS
اکریلو نیتریل بوتادین استایرن (ABS),FOB China,-,-,ICIS
اکریلو نیتریل بوتادین استایرن (ABS),FOB SE Asia,-,-,ICIS
اکریلو نیتریل بوتادین استایرن (ABS),Fob India,-,-,ICIS
اکریلو نیتریل بوتادین استایرن (ABS),CFR Asia NE,1450,1500,ICIS
اکریلو نیتریل بوتادین استایرن (ABS),FOB Aisa NE,-,-,ICIS
