grade_id,full_title,related_grades,short_name
446,قیمت های LMP ilam -,LMP tondgooyan; LMP mehr; 11,LMP ilam
325,قیمت های LMP tondgooyan - پلی اتیلن  سنگین LMP تندگویان,LMP mehr; LMP ilam; 11,LMP tondgooyan
445,قیمت های LMP mehr -,LMP tondgooyan; LMP ilam; 11,LMP mehr
36,قیمت های 209Amir - پلی اتیلن سبک خطی 0209AA,LLD 22402 Lorestan; 209Tabriz; 22B02 Mahabad; 209Arak; 22B03 Mahabad; 20075AA shazand; LLD 22501 jam,209Amir
457,قیمت های LLD 209 KJ Amir -,209Amir; LLD 22402 Lorestan; 209Tabriz; 22B02 Mahabad; 209Arak; 22B03 Mahabad; 20075AA shazand,LLD 209 KJ Amir
697,قیمت های 0205AA Amirkabir -,209Amir; LLD 22402 Lorestan; 209Tabriz; 22B02 Mahabad; 209Arak; 22B03 Mahabad; 20075AA shazand,0205AA Amirkabir
879,قیمت های 0410KJ Tabriz - پلی اتیلن سبک خطی 0410KJ,209Amir; LLD 22402 Lorestan; 209Tabriz; 22B02 Mahabad; 209Arak; 22B03 Mahabad; 20075AA shazand,0410KJ Tabriz
317,قیمت های 0220AA Tabriz - پلی اتیلن سبک خطی 0220AA,209Amir; LLD 22402 Lorestan; 209Tabriz; 22B02 Mahabad; 209Arak; 22B03 Mahabad; 20075AA shazand,0220AA Tabriz
718,قیمت های 0410AA Tabriz  - پلی اتیلن سبک خطی  0410AA,209Amir; LLD 22402 Lorestan; 209Tabriz; 22B02 Mahabad; 209Arak; 22B03 Mahabad; 20075AA shazand,0410AA Tabriz
335,قیمت های 0220KJ Tabriz - پلی اتیلن سبک خطی 0220KJ تبریز,209Amir; LLD 22402 Lorestan; 209Tabriz; 22B02 Mahabad; 209Arak; 22B03 Mahabad; 20075AA shazand,0220KJ Tabriz
316,قیمت های LL 0209KJ tabriz  - پلی اتیلن سبک خطی 0209KJ,209Amir; LLD 22402 Lorestan; 209Tabriz; 22B02 Mahabad; 209Arak; 22B03 Mahabad; 20075AA shazand,LL 0209KJ tabriz
188,قیمت های 209Tabriz - پلی اتیلن سبک خطی 0209AA,209Amir; LLD 22402 Lorestan; 22B02 Mahabad; 209Arak; 22B03 Mahabad; 20075AA shazand; LLD 22501 jam,209Tabriz
601,قیمت های LL 235F6 jam - پلی اتیلن سبک خطی 235F6,209Amir; LLD 22402 Lorestan; 209Tabriz; 22B02 Mahabad; 209Arak; 22B03 Mahabad; 20075AA shazand,LL 235F6 jam
358,قیمت های 18XF 5N jam -,209Amir; LLD 22402 Lorestan; 209Tabriz; 22B02 Mahabad; 209Arak; 22B03 Mahabad; 20075AA shazand,18XF 5N jam
359,قیمت های 32604UV Jam -,209Amir; LLD 22402 Lorestan; 209Tabriz; 22B02 Mahabad; 209Arak; 22B03 Mahabad; 20075AA shazand,32604UV Jam
294,قیمت های LLD 22501 jam - پلی اتیلن سبک خطی 22501AA,209Amir; LLD 22402 Lorestan; 209Tabriz; 22B02 Mahabad; 209Arak; 22B03 Mahabad; 20075AA shazand,LLD 22501 jam
303,قیمت های 22501KJ jam - پلی اتیلن سبک خطی 22501KJ جم,209Amir; LLD 22402 Lorestan; 209Tabriz; 22B02 Mahabad; 209Arak; 22B03 Mahabad; 20075AA shazand,22501KJ jam
652,قیمت های (پودر) 235F6 - پلی اتیلن سبک خطی (پودر) 235F6,209Amir; LLD 22402 Lorestan; 209Tabriz; 22B02 Mahabad; 209Arak; 22B03 Mahabad; 20075AA shazand,(پودر) 235F6
210,قیمت های 209Arak - پلی اتیلن سبک خطی 0209AA,209Amir; LLD 22402 Lorestan; 209Tabriz; 22B02 Mahabad; 22B03 Mahabad; 20075AA shazand; LLD 22501 jam,209Arak
373,قیمت های 0410AA shazand - پلی اتیلن سبک خطی0410AA,209Amir; LLD 22402 Lorestan; 209Tabriz; 22B02 Mahabad; 209Arak; 22B03 Mahabad; 20075AA shazand,0410AA shazand
372,قیمت های 0209KJ shazand   - پلی اتیلن سبک خطی 0209KJ,209Amir; LLD 22402 Lorestan; 209Tabriz; 22B02 Mahabad; 209Arak; 22B03 Mahabad; 20075AA shazand,0209KJ shazand
458,قیمت های (پودر) LLD 209 arak - پلی اتیلن سبک خطی (پودر) 0209AA,209Amir; LLD 22402 Lorestan; 209Tabriz; 22B02 Mahabad; 209Arak; 22B03 Mahabad; 20075AA shazand,(پودر) LLD 209 arak
228,قیمت های 20075AA shazand - پلی اتیلن سبک خطی 20075 شازند اراک,209Amir; LLD 22402 Lorestan; 209Tabriz; 22B02 Mahabad; 209Arak; 22B03 Mahabad; LLD 22501 jam,20075AA shazand
895,قیمت های LLD 18B04 Lorestan - پلی اتیلن سبک خطی 18B04,209Amir; LLD 22402 Lorestan; 209Tabriz; 22B02 Mahabad; 209Arak; 22B03 Mahabad; 20075AA shazand,LLD 18B04 Lorestan
856,قیمت های Lorestan(پودر)22b03  - پلی اتیلن سبک خطی (پودر) 22B03,209Amir; LLD 22402 Lorestan; 209Tabriz; 22B02 Mahabad; 209Arak; 22B03 Mahabad; 20075AA shazand,Lorestan(پودر)22b03
877,قیمت های 22B02KJ Loresatan - پلی اتیلن سبک خطی 22B02KJ,209Amir; LLD 22402 Lorestan; 209Tabriz; 22B02 Mahabad; 209Arak; 22B03 Mahabad; 20075AA shazand,22B02KJ Loresatan
737,قیمت های  lorestan(پودر) 22B01 - پلی اتیلن سبک خطی (پودر) 22B01,209Amir; LLD 22402 Lorestan; 209Tabriz; 22B02 Mahabad; 209Arak; 22B03 Mahabad; 20075AA shazand,lorestan(پودر) 22B01
648,قیمت های 22B02 Loresatan - پلی اتیلن سبک خطی 22B02,209Amir; LLD 22402 Lorestan; 209Tabriz; 22B02 Mahabad; 209Arak; 22B03 Mahabad; 20075AA shazand,22B02 Loresatan
649,قیمت های 22B01 Lorestan -  پلی اتیلن سبک خطی 22B01,209Amir; LLD 22402 Lorestan; 209Tabriz; 22B02 Mahabad; 209Arak; 22B03 Mahabad; 20075AA shazand,22B01 Lorestan
646,قیمت های 22B03 Lorestan - پلی اتیلن سبک خطی 22B03,209Amir; LLD 22402 Lorestan; 209Tabriz; 22B02 Mahabad; 209Arak; 22B03 Mahabad; 20075AA shazand,22B03 Lorestan
664,قیمت های  Lorestan(پودر) 22B02 - پلی اتیلن سبک خطی (پودر) 22B02,209Amir; LLD 22402 Lorestan; 209Tabriz; 22B02 Mahabad; 209Arak; 22B03 Mahabad; 20075AA shazand,Lorestan(پودر) 22B02
187,قیمت های LLD 22402 Lorestan - پلی اتیلن سبک خطی 209 لرستان,209Amir; 209Tabriz; 22B02 Mahabad; 209Arak; 22B03 Mahabad; 20075AA shazand; LLD 22501 jam,LLD 22402 Lorestan
203,قیمت های 22B02 Mahabad - پلی اتیلن سبک خطی 22B02,209Amir; LLD 22402 Lorestan; 209Tabriz; 209Arak; 22B03 Mahabad; 20075AA shazand; LLD 22501 jam,22B02 Mahabad
402,قیمت های 22B01 Mahabad - پلی اتیلن سبک خطی 22B01,209Amir; LLD 22402 Lorestan; 209Tabriz; 22B02 Mahabad; 209Arak; 22B03 Mahabad; 20075AA shazand,22B01 Mahabad
211,قیمت های 22B03 Mahabad - پلی اتیلن سبک خطی 22B03,209Amir; LLD 22402 Lorestan; 209Tabriz; 22B02 Mahabad; 209Arak; 20075AA shazand; LLD 22501 jam,22B03 Mahabad
459,قیمت های 20 Bf5 Mahabad -,209Amir; LLD 22402 Lorestan; 209Tabriz; 22B02 Mahabad; 209Arak; 22B03 Mahabad; 20075AA shazand,20 Bf5 Mahabad
524,قیمت های 22BF7 Mahabad -,209Amir; LLD 22402 Lorestan; 209Tabriz; 22B02 Mahabad; 209Arak; 22B03 Mahabad; 20075AA shazand,22BF7 Mahabad
475,قیمت های 18B01 mahabad -,209Amir; LLD 22402 Lorestan; 209Tabriz; 22B02 Mahabad; 209Arak; 22B03 Mahabad; 20075AA shazand,18B01 mahabad
492,قیمت های LL 22B01 KJ mahabad - پلی اتیلن سبک خطی 22B01KJ,209Amir; LLD 22402 Lorestan; 209Tabriz; 22B02 Mahabad; 209Arak; 22B03 Mahabad; 20075AA shazand,LL 22B01 KJ mahabad
493,قیمت های LL 22B02 KJ Mahabad - پلی اتیلن سبک خطی 22B02KJ,209Amir; LLD 22402 Lorestan; 209Tabriz; 22B02 Mahabad; 209Arak; 22B03 Mahabad; 20075AA shazand,LL 22B02 KJ Mahabad
632,قیمت های  mahabad(پودر) 22B02 - پلی اتیلن سبک خطی (پودر) 22B02,209Amir; LLD 22402 Lorestan; 209Tabriz; 22B02 Mahabad; 209Arak; 22B03 Mahabad; 20075AA shazand,mahabad(پودر) 22B02
633,قیمت های  mahabad(پودر) 22B01 - پلی اتیلن سبک خطی (پودر) 22B01,209Amir; LLD 22402 Lorestan; 209Tabriz; 22B02 Mahabad; 209Arak; 22B03 Mahabad; 20075AA shazand,mahabad(پودر) 22B01
666,قیمت های 20BF5 mahabad (پودر) - پلی اتیلن سبک خطی 20BF5 (پودر),209Amir; LLD 22402 Lorestan; 209Tabriz; 22B02 Mahabad; 209Arak; 22B03 Mahabad; 20075AA shazand,20BF5 mahabad (پودر)
702,قیمت های ‏Mahabad(پودر)22B03  - پلی اتیلن سبک خطی (پودر) 22B03,209Amir; LLD 22402 Lorestan; 209Tabriz; 22B02 Mahabad; 209Arak; 22B03 Mahabad; 20075AA shazand,‏Mahabad(پودر)22B03
527,قیمت های LL 20BF5 Mahabad - پلی اتیلن سبک خطی 20BF5,209Amir; LLD 22402 Lorestan; 209Tabriz; 22B02 Mahabad; 209Arak; 22B03 Mahabad; 20075AA shazand,LL 20BF5 Mahabad
175,قیمت های 1922T Arya - پلی اتیلن سبک تزریقی LIM1922,2200Ilam; 1922T lale; ZB 548U; 2520E22 Kordestan,1922T Arya
125,قیمت های 2200Ilam   - پلی اتیلن سبک تزریقی 2200 ایلام,1922T lale; 1922T Arya; ZB 548U; 2520E22 Kordestan,2200Ilam
933,قیمت های 2520E22 Kordestan - پلی اتیلن سبک تزریقی 2520E22,2200Ilam; 1922T lale; 1922T Arya; ZB 548U,2520E22 Kordestan
160,قیمت های 1922T lale - پلی اتیلن سبک تزریقی 1922T,2200Ilam; 1922T Arya; ZB 548U; 2520E22 Kordestan,1922T lale
520,قیمت های ZB 548U -,2200Ilam; 1922T lale; 1922T Arya; 2520E22 Kordestan,ZB 548U
