parent_category,parent_url,subcategory_name,subcategory_id,subcategory_description,subcategory_url
پلی اتیلن - PE,https://wikiplast.ir/grides/1/پلی-اتیلن---PE,پلی اتیلن سنگین - HDPE,75,,https://wikiplast.ir/grides/75/پلی-اتیلن-سنگین---HDPE
پلی اتیلن - PE,https://wikiplast.ir/grides/1/پلی-اتیلن---PE,پلی اتیلن سبک خطی - LLDPE,77,Linear low-density polyethylene,https://wikiplast.ir/grides/77/پلی-اتیلن-سبک-خطی---LLDPE
پلی اتیلن - PE,https://wikiplast.ir/grides/1/پلی-اتیلن---PE,پلی اتیلن سبک تزریقی,104,(LDPE Injection),https://wikiplast.ir/grides/104/پلی-اتیلن-سبک-تزریقی-
پلی اتیلن - PE,https://wikiplast.ir/grides/1/پلی-اتیلن---PE,پلی اتیلن سنگین تزریقی,105,(HDPE Injection),https://wikiplast.ir/grides/105/پلی-اتیلن-سنگین-تزریقی
پلی اتیلن - PE,https://wikiplast.ir/grides/1/پلی-اتیلن---PE,پلی اتیلن سنگین بادی,127,HDPE Blow Mold,https://wikiplast.ir/grides/127/پلی-اتیلن-سنگین-بادی
پلی اتیلن - PE,https://wikiplast.ir/grides/1/پلی-اتیلن---PE,پلی اتیلن سنگین دورانی,128,Rotational Moulling Grade,https://wikiplast.ir/grides/128/پلی-اتیلن-سنگین-دورانی
پلی اتیلن - PE,https://wikiplast.ir/grides/1/پلی-اتیلن---PE,پلی اتیلن سنگین فیلم,131,Film grade,https://wikiplast.ir/grides/131/پلی-اتیلن-سنگین-فیلم
پلی اتیلن - PE,https://wikiplast.ir/grides/1/پلی-اتیلن---PE,پلی اتیلن ترفتالات بطری,144,,https://wikiplast.ir/grides/144/پلی-اتیلن-ترفتالات-بطری
پلی اتیلن - PE,https://wikiplast.ir/grides/1/پلی-اتیلن---PE,پلی اتیلن سبک خطی (Butene),257,,https://wikiplast.ir/grides/257/پلی-اتیلن-سبک-خطی-(Butene)
پلی اتیلن - PE,https://wikiplast.ir/grides/1/پلی-اتیلن---PE,پلی اتیلن سبک فیلم - LDPE,256,Poly ethylene low density film,https://wikiplast.ir/grides/256/پلی-اتیلن-سبک-فیلم---LDPE
پلی اتیلن - PE,https://wikiplast.ir/grides/1/پلی-اتیلن---PE,پلی اتیلن سبک خطی C6,258,,https://wikiplast.ir/grides/258/پلی-اتیلن-سبک-خطی-C6
پلی اتیلن - PE,https://wikiplast.ir/grides/1/پلی-اتیلن---PE,pe 80,263,,https://wikiplast.ir/grides/263/pe-80
پلی اتیلن - PE,https://wikiplast.ir/grides/1/پلی-اتیلن---PE,پلی اتیلن LMP,427,,https://wikiplast.ir/grides/427/پلی-اتیلن-LMP
پلی پروپیلن - PP,https://wikiplast.ir/grides/78/پلی-پروپیلن---PP,پلی پروپیلن هموپلیمر (پ پ نساجی),79,(PP-homopolymer),https://wikiplast.ir/grides/79/پلی-پروپیلن-هموپلیمر-(پ-پ-نساجی)
پلی پروپیلن - PP,https://wikiplast.ir/grides/78/پلی-پروپیلن---PP,پلی پروپیلن کوپلیمر - (پ پ شیمیایی ),85,Copolymer Polypropylene,https://wikiplast.ir/grides/85/پلی-پروپیلن-کوپلیمر---(پ-پ-شیمیایی-)
پلی پروپیلن - PP,https://wikiplast.ir/grides/78/پلی-پروپیلن---PP,پلی پروپیلن گرید فیلم,142,Polypropylene film,https://wikiplast.ir/grides/142/پلی-پروپیلن-گرید-فیلم
پلی پروپیلن - PP,https://wikiplast.ir/grides/78/پلی-پروپیلن---PP,پلی پروپیلن پزشکی,156,,https://wikiplast.ir/grides/156/پلی-پروپیلن-پزشکی
پلی پروپیلن - PP,https://wikiplast.ir/grides/78/پلی-پروپیلن---PP,پلی پروپیلن تزریقی,259,,https://wikiplast.ir/grides/259/پلی-پروپیلن-تزریقی
پلی پروپیلن - PP,https://wikiplast.ir/grides/78/پلی-پروپیلن---PP,پلی پروپیلن فایبر,444,PP Fiber,https://wikiplast.ir/grides/444/پلی-پروپیلن-فایبر
پلی استایرن - ( PS),https://wikiplast.ir/grides/80/پلی-استایرن---(-PS),پلی استایرن مقاوم - HIPS,81,High-impact polystyrene,https://wikiplast.ir/grides/81/پلی-استایرن-مقاوم---HIPS
پلی استایرن - ( PS),https://wikiplast.ir/grides/80/پلی-استایرن---(-PS),پلی استایرن معمولی - GPPS,82,General purpose polystyrene,https://wikiplast.ir/grides/82/پلی-استایرن-معمولی---GPPS
پلی استایرن - ( PS),https://wikiplast.ir/grides/80/پلی-استایرن---(-PS),پلی استایرن انبساطی -  EPS,89,Expanded polystyrene),https://wikiplast.ir/grides/89/پلی-استایرن-انبساطی----EPS
پلی استایرن - ( PS),https://wikiplast.ir/grides/80/پلی-استایرن---(-PS),پلی استایرن نسوز,102,Flame Retardant EPS,https://wikiplast.ir/grides/102/پلی-استایرن-نسوز
پلی استایرن - ( PS),https://wikiplast.ir/grides/80/پلی-استایرن---(-PS),پلی استایرن EPS G-P,308,,https://wikiplast.ir/grides/308/پلی-استایرن-EPS-G-P
پلی استایرن - ( PS),https://wikiplast.ir/grides/80/پلی-استایرن---(-PS),پلی استایرن EPS F-R,309,,https://wikiplast.ir/grides/309/پلی-استایرن-EPS-F-R
پلی استایرن - ( PS),https://wikiplast.ir/grides/80/پلی-استایرن---(-PS),EPS Block,388,,https://wikiplast.ir/grides/388/EPS-Block
پلی استایرن - ( PS),https://wikiplast.ir/grides/80/پلی-استایرن---(-PS),EPS Packaging,389,,https://wikiplast.ir/grides/389/EPS-Packaging
پلی اتیلن ترفتالات (PET),https://wikiplast.ir/grides/83/پلی-اتیلن-ترفتالات-(PET),پلی اتیلن ترفتالات آمورف,143,,https://wikiplast.ir/grides/143/پلی-اتیلن-ترفتالات-آمورف
پلی اتیلن ترفتالات (PET),https://wikiplast.ir/grides/83/پلی-اتیلن-ترفتالات-(PET),پلی اتیلن ترفتالات نساجی,145,,https://wikiplast.ir/grides/145/پلی-اتیلن-ترفتالات-نساجی
پلی اتیلن ترفتالات (PET),https://wikiplast.ir/grides/83/پلی-اتیلن-ترفتالات-(PET),پلی اتیلن ترفتالات فیلم,146,,https://wikiplast.ir/grides/146/پلی-اتیلن-ترفتالات-فیلم
پی وی سی - ( PVC),https://wikiplast.ir/grides/86/پی-وی-سی---(-PVC),SPVC,439,,https://wikiplast.ir/grides/439/SPVC
پی وی سی - ( PVC),https://wikiplast.ir/grides/86/پی-وی-سی---(-PVC),EPVC,440,,https://wikiplast.ir/grides/440/EPVC
استایرن بوتادین رابر ( SBR),https://wikiplast.ir/grides/106/استایرن-بوتادین-رابر-(-SBR),استایرن بوتادین رابر روشن,399,,https://wikiplast.ir/grides/399/استایرن-بوتادین-رابر-روشن
استایرن بوتادین رابر ( SBR),https://wikiplast.ir/grides/106/استایرن-بوتادین-رابر-(-SBR),استایرن بوتادین رابر تیره,398,,https://wikiplast.ir/grides/398/استایرن-بوتادین-رابر-تیره
پلی اتیلن سنگین اکستروژن,https://wikiplast.ir/grides/129/پلی-اتیلن-سنگین-اکستروژن,EX3 (PE 80)N,265,,https://wikiplast.ir/grides/265/EX3-(PE-80)N
پلی اتیلن سنگین اکستروژن,https://wikiplast.ir/grides/129/پلی-اتیلن-سنگین-اکستروژن,EX3 (PE 80)B,266,,https://wikiplast.ir/grides/266/EX3-(PE-80)B
پلی اتیلن سنگین اکستروژن,https://wikiplast.ir/grides/129/پلی-اتیلن-سنگین-اکستروژن,PE 100N,267,,https://wikiplast.ir/grides/267/PE-100N
پلی اتیلن سنگین اکستروژن,https://wikiplast.ir/grides/129/پلی-اتیلن-سنگین-اکستروژن,PE 100B,268,,https://wikiplast.ir/grides/268/PE-100B
