grade_id,name,url,petrochemical_company,parent_category,subcategory_name
446,LMP ilam,https://wikiplast.ir/gradeprice/446,ایلام,پلی اتیلن - PE,پلی اتیلن سنگین - HDPE
325,LMP tondgooyan,https://wikiplast.ir/gradeprice/325,تندگویان,پلی اتیلن - PE,پلی اتیلن سنگین - HDPE
445,LMP mehr,https://wikiplast.ir/gradeprice/445,مهر,پلی اتیلن - PE,پلی اتیلن سنگین - HDPE
36,209Amir,https://wikiplast.ir/gradeprice/36,امیرکبیر,پلی اتیلن - PE,پلی اتیلن سبک خطی - LLDPE
457,LLD 209 KJ Amir,https://wikiplast.ir/gradeprice/457,امیرکبیر,پلی اتیلن - PE,پلی اتیلن سبک خطی - LLDPE
697,0205AA Amirkabir,https://wikiplast.ir/gradeprice/697,امیرکبیر,پلی اتیلن - PE,پلی اتیلن سبک خطی - LLDPE
879,0410KJ Tabriz,https://wikiplast.ir/gradeprice/879,تبریز,پلی اتیلن - PE,پلی اتیلن سبک خطی - LLDPE
317,0220AA Tabriz,https://wikiplast.ir/gradeprice/317,تبریز,پلی اتیلن - PE,پلی اتیلن سبک خطی - LLDPE
718,0410AA Tabriz,https://wikiplast.ir/gradeprice/718,تبریز,پلی اتیلن - PE,پلی اتیلن سبک خطی - LLDPE
335,0220KJ Tabriz,https://wikiplast.ir/gradeprice/335,تبریز,پلی اتیلن - PE,پلی اتیلن سبک خطی - LLDPE
316,LL 0209KJ tabriz,https://wikiplast.ir/gradeprice/316,تبریز,پلی اتیلن - PE,پلی اتیلن سبک خطی - LLDPE
188,209Tabriz,https://wikiplast.ir/gradeprice/188,تبریز,پلی اتیلن - PE,پلی اتیلن سبک خطی - LLDPE
601,LL 235F6 jam,https://wikiplast.ir/gradeprice/601,جم,پلی اتیلن - PE,پلی اتیلن سبک خطی - LLDPE
358,18XF 5N jam,https://wikiplast.ir/gradeprice/358,جم,پلی اتیلن - PE,پلی اتیلن سبک خطی - LLDPE
359,32604UV Jam,https://wikiplast.ir/gradeprice/359,جم,پلی اتیلن - PE,پلی اتیلن سبک خطی - LLDPE
294,LLD 22501 jam,https://wikiplast.ir/gradeprice/294,جم,پلی اتیلن - PE,پلی اتیلن سبک خطی - LLDPE
303,22501KJ jam,https://wikiplast.ir/gradeprice/303,جم,پلی اتیلن - PE,پلی اتیلن سبک خطی - LLDPE
652,(پودر) 235F6,https://wikiplast.ir/gradeprice/652,جم,پلی اتیلن - PE,پلی اتیلن سبک خطی - LLDPE
210,209Arak,https://wikiplast.ir/gradeprice/210,شازند,پلی اتیلن - PE,پلی اتیلن سبک خطی - LLDPE
373,0410AA shazand,https://wikiplast.ir/gradeprice/373,شازند,پلی اتیلن - PE,پلی اتیلن سبک خطی - LLDPE
372,0209KJ shazand,https://wikiplast.ir/gradeprice/372,شازند,پلی اتیلن - PE,پلی اتیلن سبک خطی - LLDPE
458,(پودر) LLD 209 arak,https://wikiplast.ir/gradeprice/458,شازند,پلی اتیلن - PE,پلی اتیلن سبک خطی - LLDPE
228,20075AA shazand,https://wikiplast.ir/gradeprice/228,شازند,پلی اتیلن - PE,پلی اتیلن سبک خطی - LLDPE
895,LLD 18B04 Lorestan,https://wikiplast.ir/gradeprice/895,لرستان,پلی اتیلن - PE,پلی اتیلن سبک خطی - LLDPE
856,Lorestan(پودر)22b03,https://wikiplast.ir/gradeprice/856,لرستان,پلی اتیلن - PE,پلی اتیلن سبک خطی - LLDPE
877,22B02KJ Loresatan,https://wikiplast.ir/gradeprice/877,لرستان,پلی اتیلن - PE,پلی اتیلن سبک خطی - LLDPE
737,lorestan(پودر) 22B01,https://wikiplast.ir/gradeprice/737,لرستان,پلی اتیلن - PE,پلی اتیلن سبک خطی - LLDPE
648,22B02 Loresatan,https://wikiplast.ir/gradeprice/648,لرستان,پلی اتیلن - PE,پلی اتیلن سبک خطی - LLDPE
649,22B01 Lorestan,https://wikiplast.ir/gradeprice/649,لرستان,پلی اتیلن - PE,پلی اتیلن سبک خطی - LLDPE
646,22B03 Lorestan,https://wikiplast.ir/gradeprice/646,لرستان,پلی اتیلن - PE,پلی اتیلن سبک خطی - LLDPE
664,Lorestan(پودر) 22B02,https://wikiplast.ir/gradeprice/664,لرستان,پلی اتیلن - PE,پلی اتیلن سبک خطی - LLDPE
187,LLD 22402 Lorestan,https://wikiplast.ir/gradeprice/187,لرستان,پلی اتیلن - PE,پلی اتیلن سبک خطی - LLDPE
203,22B02 Mahabad,https://wikiplast.ir/gradeprice/203,مهاباد,پلی اتیلن - PE,پلی اتیلن سبک خطی - LLDPE
402,22B01 Mahabad,https://wikiplast.ir/gradeprice/402,مهاباد,پلی اتیلن - PE,پلی اتیلن سبک خطی - LLDPE
211,22B03 Mahabad,https://wikiplast.ir/gradeprice/211,مهاباد,پلی اتیلن - PE,پلی اتیلن سبک خطی - LLDPE
459,20 Bf5 Mahabad,https://wikiplast.ir/gradeprice/459,مهاباد,پلی اتیلن - PE,پلی اتیلن سبک خطی - LLDPE
524,22BF7 Mahabad,https://wikiplast.ir/gradeprice/524,مهاباد,پلی اتیلن - PE,پلی اتیلن سبک خطی - LLDPE
475,18B01 mahabad,https://wikiplast.ir/gradeprice/475,مهاباد,پلی اتیلن - PE,پلی اتیلن سبک خطی - LLDPE
492,LL 22B01 KJ mahabad,https://wikiplast.ir/gradeprice/492,مهاباد,پلی اتیلن - PE,پلی اتیلن سبک خطی - LLDPE
493,LL 22B02 KJ Mahabad,https://wikiplast.ir/gradeprice/493,مهاباد,پلی اتیلن - PE,پلی اتیلن سبک خطی - LLDPE
632,mahabad(پودر) 22B02,https://wikiplast.ir/gradeprice/632,مهاباد,پلی اتیلن - PE,پلی اتیلن سبک خطی - LLDPE
633,mahabad(پودر) 22B01,https://wikiplast.ir/gradeprice/633,مهاباد,پلی اتیلن - PE,پلی اتیلن سبک خطی - LLDPE
666,20BF5 mahabad (پودر),https://wikiplast.ir/gradeprice/666,مهاباد,پلی اتیلن - PE,پلی اتیلن سبک خطی - LLDPE
702,‏Mahabad(پودر)22B03,https://wikiplast.ir/gradeprice/702,مهاباد,پلی اتیلن - PE,پلی اتیلن سبک خطی - LLDPE
527,LL 20BF5 Mahabad,https://wikiplast.ir/gradeprice/527,مهاباد,پلی اتیلن - PE,پلی اتیلن سبک خطی - LLDPE
175,1922T Arya,https://wikiplast.ir/gradeprice/175,آریا ساسول,پلی اتیلن - PE,پلی اتیلن سبک تزریقی
125,2200Ilam,https://wikiplast.ir/gradeprice/125,ایلام,پلی اتیلن - PE,پلی اتیلن سبک تزریقی
933,2520E22 Kordestan,https://wikiplast.ir/gradeprice/933,کردستان,پلی اتیلن - PE,پلی اتیلن سبک تزریقی
160,1922T lale,https://wikiplast.ir/gradeprice/160,لاله,پلی اتیلن - PE,پلی اتیلن سبک تزریقی
520,ZB 548U,https://wikiplast.ir/gradeprice/520,نوید زرشیمی,پلی اتیلن - PE,پلی اتیلن سبک تزریقی
704,I4 Amir,https://wikiplast.ir/gradeprice/704,امیرکبیر,پلی اتیلن - PE,پلی اتیلن سنگین تزریقی
574,2208 ilam,https://wikiplast.ir/gradeprice/574,ایلام,پلی اتیلن - PE,پلی اتیلن سنگین تزریقی
81,Hi500 Bandar,https://wikiplast.ir/gradeprice/81,بندرامام,پلی اتیلن - PE,پلی اتیلن سنگین تزریقی
248,HI0500UA Bandar,https://wikiplast.ir/gradeprice/248,بندرامام,پلی اتیلن - PE,پلی اتیلن سنگین تزریقی
256,I4  Kermanshah,https://wikiplast.ir/gradeprice/256,پلیمر کرمانشاه,پلی اتیلن - PE,پلی اتیلن سنگین تزریقی
257,I4 UV kermanshah,https://wikiplast.ir/gradeprice/257,پلیمر کرمانشاه,پلی اتیلن - PE,پلی اتیلن سنگین تزریقی
260,I3 UV Kermanshah,https://wikiplast.ir/gradeprice/260,پلیمر کرمانشاه,پلی اتیلن - PE,پلی اتیلن سنگین تزریقی
261,I3 Kermanshah,https://wikiplast.ir/gradeprice/261,پلیمر کرمانشاه,پلی اتیلن - PE,پلی اتیلن سنگین تزریقی
336,4440EA Tabriz,https://wikiplast.ir/gradeprice/336,تبریز,پلی اتیلن - PE,پلی اتیلن سنگین تزریقی
338,5030EA Tabriz,https://wikiplast.ir/gradeprice/338,تبریز,پلی اتیلن - PE,پلی اتیلن سنگین تزریقی
340,5218UA Tabriz,https://wikiplast.ir/gradeprice/340,تبریز,پلی اتیلن - PE,پلی اتیلن سنگین تزریقی
337,4440UA Tabriz,https://wikiplast.ir/gradeprice/337,تبریز,پلی اتیلن - PE,پلی اتیلن سنگین تزریقی
223,5030SA Tabriz,https://wikiplast.ir/gradeprice/223,تبریز,پلی اتیلن - PE,پلی اتیلن سنگین تزریقی
342,6070EA Tabriz,https://wikiplast.ir/gradeprice/342,تبریز,پلی اتیلن - PE,پلی اتیلن سنگین تزریقی
343,6070UA Tabriz,https://wikiplast.ir/gradeprice/343,تبریز,پلی اتیلن - PE,پلی اتیلن سنگین تزریقی
341,6040UA Tabriz,https://wikiplast.ir/gradeprice/341,تبریز,پلی اتیلن - PE,پلی اتیلن سنگین تزریقی
130,5218EA Tabriz,https://wikiplast.ir/gradeprice/130,تبریز,پلی اتیلن - PE,پلی اتیلن سنگین تزریقی
53,52518 Jam,https://wikiplast.ir/gradeprice/53,جم,پلی اتیلن - PE,پلی اتیلن سنگین تزریقی
890,HMI50-jam,https://wikiplast.ir/gradeprice/890,جم,پلی اتیلن - PE,پلی اتیلن سنگین تزریقی
225,52511 Jam,https://wikiplast.ir/gradeprice/225,جم,پلی اتیلن - PE,پلی اتیلن سنگین تزریقی
226,52505UV Jam,https://wikiplast.ir/gradeprice/226,جم,پلی اتیلن - PE,پلی اتیلن سنگین تزریقی
189,60507 Jam,https://wikiplast.ir/gradeprice/189,جم,پلی اتیلن - PE,پلی اتیلن سنگین تزریقی
193,52518 Off,https://wikiplast.ir/gradeprice/193,جم,پلی اتیلن - PE,پلی اتیلن سنگین تزریقی
344,52502 Jam,https://wikiplast.ir/gradeprice/344,جم,پلی اتیلن - PE,پلی اتیلن سنگین تزریقی
190,60511 Jam,https://wikiplast.ir/gradeprice/190,جم,پلی اتیلن - PE,پلی اتیلن سنگین تزریقی
345,52502SU Jam,https://wikiplast.ir/gradeprice/345,جم,پلی اتیلن - PE,پلی اتیلن سنگین تزریقی
346,HD534F7 Jam,https://wikiplast.ir/gradeprice/346,جم,پلی اتیلن - PE,پلی اتیلن سنگین تزریقی
352,60507UV Jam,https://wikiplast.ir/gradeprice/352,جم,پلی اتیلن - PE,پلی اتیلن سنگین تزریقی
536,52518 پودر,https://wikiplast.ir/gradeprice/536,جم,پلی اتیلن - PE,پلی اتیلن سنگین تزریقی
654,jam(پودر) 52511,https://wikiplast.ir/gradeprice/654,جم,پلی اتیلن - PE,پلی اتیلن سنگین تزریقی
353,60511UV Jam,https://wikiplast.ir/gradeprice/353,جم,پلی اتیلن - PE,پلی اتیلن سنگین تزریقی
618,52501SU Jam,https://wikiplast.ir/gradeprice/618,جم,پلی اتیلن - PE,پلی اتیلن سنگین تزریقی
568,52511UV Jam,https://wikiplast.ir/gradeprice/568,جم,پلی اتیلن - PE,پلی اتیلن سنگین تزریقی
347,HD 50401 Jam,https://wikiplast.ir/gradeprice/347,جم,پلی اتیلن - PE,پلی اتیلن سنگین تزریقی
348,52528Jam,https://wikiplast.ir/gradeprice/348,جم,پلی اتیلن - PE,پلی اتیلن سنگین تزریقی
350,60505Jam,https://wikiplast.ir/gradeprice/350,جم,پلی اتیلن - PE,پلی اتیلن سنگین تزریقی
349,52518UV Jam,https://wikiplast.ir/gradeprice/349,جم,پلی اتیلن - PE,پلی اتیلن سنگین تزریقی
351,60505UV Jam,https://wikiplast.ir/gradeprice/351,جم,پلی اتیلن - PE,پلی اتیلن سنگین تزریقی
653,(پودر) 52505 Jam,https://wikiplast.ir/gradeprice/653,جم,پلی اتیلن - PE,پلی اتیلن سنگین تزریقی
286,52505Jam,https://wikiplast.ir/gradeprice/286,جم,پلی اتیلن - PE,پلی اتیلن سنگین تزریقی
129,5620 Arak,https://wikiplast.ir/gradeprice/129,شازند,پلی اتیلن - PE,پلی اتیلن سنگین تزریقی
733,Lorestam (پودر) 54B04,https://wikiplast.ir/gradeprice/733,لرستان,پلی اتیلن - PE,پلی اتیلن سنگین تزریقی
812,6040Lorestan (پودر) ‎,https://wikiplast.ir/gradeprice/812,لرستان,پلی اتیلن - PE,پلی اتیلن سنگین تزریقی
215,62N07UV Lorestan,https://wikiplast.ir/gradeprice/215,لرستان,پلی اتیلن - PE,پلی اتیلن سنگین تزریقی
695,6040UV‎ Lorestan‎,https://wikiplast.ir/gradeprice/695,لرستان,پلی اتیلن - PE,پلی اتیلن سنگین تزریقی
213,54B04UV lorestan,https://wikiplast.ir/gradeprice/213,لرستان,پلی اتیلن - PE,پلی اتیلن سنگین تزریقی
390,54B04 lorestan,https://wikiplast.ir/gradeprice/390,لرستان,پلی اتیلن - PE,پلی اتیلن سنگین تزریقی
397,62N11UV Lorestan,https://wikiplast.ir/gradeprice/397,لرستان,پلی اتیلن - PE,پلی اتیلن سنگین تزریقی
392,52B11UV Lorestan,https://wikiplast.ir/gradeprice/392,لرستان,پلی اتیلن - PE,پلی اتیلن سنگین تزریقی
393,52B18 Lorestan,https://wikiplast.ir/gradeprice/393,لرستان,پلی اتیلن - PE,پلی اتیلن سنگین تزریقی
398,HD52 BF3 Lorestan,https://wikiplast.ir/gradeprice/398,لرستان,پلی اتیلن - PE,پلی اتیلن سنگین تزریقی
399,HD48 BF7 Lorestan,https://wikiplast.ir/gradeprice/399,لرستان,پلی اتیلن - PE,پلی اتیلن سنگین تزریقی
400,HD50 B01 Lorestan,https://wikiplast.ir/gradeprice/400,لرستان,پلی اتیلن - PE,پلی اتیلن سنگین تزریقی
394,62N18 Lorestan,https://wikiplast.ir/gradeprice/394,لرستان,پلی اتیلن - PE,پلی اتیلن سنگین تزریقی
391,52B18UV Lorestan,https://wikiplast.ir/gradeprice/391,لرستان,پلی اتیلن - PE,پلی اتیلن سنگین تزریقی
623,52B07 Lorestan,https://wikiplast.ir/gradeprice/623,لرستان,پلی اتیلن - PE,پلی اتیلن سنگین تزریقی
778,5030SA Lorestan,https://wikiplast.ir/gradeprice/778,لرستان,پلی اتیلن - PE,پلی اتیلن سنگین تزریقی
694,6040‎ Lorestan‎,https://wikiplast.ir/gradeprice/694,لرستان,پلی اتیلن - PE,پلی اتیلن سنگین تزریقی
657,Lorestan(پودر)62N07,https://wikiplast.ir/gradeprice/657,لرستان,پلی اتیلن - PE,پلی اتیلن سنگین تزریقی
621,62N07 Lorestan,https://wikiplast.ir/gradeprice/621,لرستان,پلی اتیلن - PE,پلی اتیلن سنگین تزریقی
395,62N18UV Lorestan,https://wikiplast.ir/gradeprice/395,لرستان,پلی اتیلن - PE,پلی اتیلن سنگین تزریقی
401,62107UV Lorestan,https://wikiplast.ir/gradeprice/401,لرستان,پلی اتیلن - PE,پلی اتیلن سنگین تزریقی
406,I4UV Marun,https://wikiplast.ir/gradeprice/406,مارون,پلی اتیلن - PE,پلی اتیلن سنگین تزریقی
407,I4 Marun,https://wikiplast.ir/gradeprice/407,مارون,پلی اتیلن - PE,پلی اتیلن سنگین تزریقی
886,54B04 (پودر) Mahabad,https://wikiplast.ir/gradeprice/886,مهاباد,پلی اتیلن - PE,پلی اتیلن سنگین تزریقی
873,54B04 Mahabad,https://wikiplast.ir/gradeprice/873,مهاباد,پلی اتیلن - PE,پلی اتیلن سنگین تزریقی
872,54B04UV Mahabad,https://wikiplast.ir/gradeprice/872,مهاباد,پلی اتیلن - PE,پلی اتیلن سنگین تزریقی
870,HD-6040UV mahabad,https://wikiplast.ir/gradeprice/870,مهاباد,پلی اتیلن - PE,پلی اتیلن سنگین تزریقی
869,6040HD mahabad,https://wikiplast.ir/gradeprice/869,مهاباد,پلی اتیلن - PE,پلی اتیلن سنگین تزریقی
859,62N07 Mahabad,https://wikiplast.ir/gradeprice/859,مهاباد,پلی اتیلن - PE,پلی اتیلن سنگین تزریقی
857,(پودر) 62N07UV,https://wikiplast.ir/gradeprice/857,مهاباد,پلی اتیلن - PE,پلی اتیلن سنگین تزریقی
851,Mahabad (پودر) 62N07,https://wikiplast.ir/gradeprice/851,مهاباد,پلی اتیلن - PE,پلی اتیلن سنگین تزریقی
848,62N07UV Mahabad,https://wikiplast.ir/gradeprice/848,مهاباد,پلی اتیلن - PE,پلی اتیلن سنگین تزریقی
835,52B18UV LMP Miandoab,https://wikiplast.ir/gradeprice/835,میاندوآب,پلی اتیلن - PE,پلی اتیلن سنگین تزریقی
769,(پودر) 52B18,https://wikiplast.ir/gradeprice/769,میاندوآب,پلی اتیلن - PE,پلی اتیلن سنگین تزریقی
948,Miandoab(پودر)62N07,https://wikiplast.ir/gradeprice/948,میاندوآب,پلی اتیلن - PE,پلی اتیلن سنگین تزریقی
668,62N07UV Miandoab,https://wikiplast.ir/gradeprice/668,میاندوآب,پلی اتیلن - PE,پلی اتیلن سنگین تزریقی
696,52B18UV Miandoab,https://wikiplast.ir/gradeprice/696,میاندوآب,پلی اتیلن - PE,پلی اتیلن سنگین تزریقی
902,52B02UV Miandoab,https://wikiplast.ir/gradeprice/902,میاندوآب,پلی اتیلن - PE,پلی اتیلن سنگین تزریقی
669,62N07 Miandoab,https://wikiplast.ir/gradeprice/669,میاندوآب,پلی اتیلن - PE,پلی اتیلن سنگین تزریقی
699,52B18 Miandoab,https://wikiplast.ir/gradeprice/699,میاندوآب,پلی اتیلن - PE,پلی اتیلن سنگین تزریقی
992,HBM 4261 Arya,https://wikiplast.ir/gradeprice/992,آریا ساسول,پلی اتیلن - PE,پلی اتیلن سنگین بادی
705,HBM 5510 Arya,https://wikiplast.ir/gradeprice/705,آریا ساسول,پلی اتیلن - PE,پلی اتیلن سنگین بادی
232,HBM 5020 Arya,https://wikiplast.ir/gradeprice/232,آریا ساسول,پلی اتیلن - PE,پلی اتیلن سنگین بادی
906,HBM 5520 Arya,https://wikiplast.ir/gradeprice/906,آریا ساسول,پلی اتیلن - PE,پلی اتیلن سنگین بادی
659,4265Aira,https://wikiplast.ir/gradeprice/659,آریا ساسول,پلی اتیلن - PE,پلی اتیلن سنگین بادی
573,Bl3 Amirkabir,https://wikiplast.ir/gradeprice/573,امیرکبیر,پلی اتیلن - PE,پلی اتیلن سنگین بادی
236,8200 B ilam,https://wikiplast.ir/gradeprice/236,ایلام,پلی اتیلن - PE,پلی اتیلن سنگین بادی
29,0035Bandar,https://wikiplast.ir/gradeprice/29,بندرامام,پلی اتیلن - PE,پلی اتیلن سنگین بادی
30,Bl3 Bakhtar,https://wikiplast.ir/gradeprice/30,پلیمر کرمانشاه,پلی اتیلن - PE,پلی اتیلن سنگین بادی
671,BL3 (پودر) bakhtar,https://wikiplast.ir/gradeprice/671,پلیمر کرمانشاه,پلی اتیلن - PE,پلی اتیلن سنگین بادی
135,Bl3 Bakhtar Off1,https://wikiplast.ir/gradeprice/135,پلیمر کرمانشاه,پلی اتیلن - PE,پلی اتیلن سنگین بادی
259,BL4 Kermanshah,https://wikiplast.ir/gradeprice/259,پلیمر کرمانشاه,پلی اتیلن - PE,پلی اتیلن سنگین بادی
75,Bl3 Jam,https://wikiplast.ir/gradeprice/75,جم,پلی اتیلن - PE,پلی اتیلن سنگین بادی
138,Bl3 Jam Off2,https://wikiplast.ir/gradeprice/138,جم,پلی اتیلن - PE,پلی اتیلن سنگین بادی
151,Bl3 Jam Off1,https://wikiplast.ir/gradeprice/151,جم,پلی اتیلن - PE,پلی اتیلن سنگین بادی
295,BL4 Jam,https://wikiplast.ir/gradeprice/295,جم,پلی اتیلن - PE,پلی اتیلن سنگین بادی
534,bl3 jam پودر,https://wikiplast.ir/gradeprice/534,جم,پلی اتیلن - PE,پلی اتیلن سنگین بادی
374,BL3 Arak,https://wikiplast.ir/gradeprice/374,شازند,پلی اتیلن - PE,پلی اتیلن سنگین بادی
31,Bl3 Marun,https://wikiplast.ir/gradeprice/31,مارون,پلی اتیلن - PE,پلی اتیلن سنگین بادی
957,Bl7 Marun,https://wikiplast.ir/gradeprice/957,مارون,پلی اتیلن - PE,پلی اتیلن سنگین بادی
152,Bl3 Marun Off2,https://wikiplast.ir/gradeprice/152,مارون,پلی اتیلن - PE,پلی اتیلن سنگین بادی
942,Miandoab (پودر) 6200B,https://wikiplast.ir/gradeprice/942,میاندوآب,پلی اتیلن - PE,پلی اتیلن سنگین بادی
880,8200B miandoab,https://wikiplast.ir/gradeprice/880,میاندوآب,پلی اتیلن - PE,پلی اتیلن سنگین بادی
861,6200B miandoab,https://wikiplast.ir/gradeprice/861,میاندوآب,پلی اتیلن - PE,پلی اتیلن سنگین بادی
751,3030UA tabriz,https://wikiplast.ir/gradeprice/751,تبریز,پلی اتیلن - PE,پلی اتیلن سنگین دورانی
51,3840 Tabriz,https://wikiplast.ir/gradeprice/51,تبریز,پلی اتیلن - PE,پلی اتیلن سنگین دورانی
582,3840(پودر)-tabriz,https://wikiplast.ir/gradeprice/582,تبریز,پلی اتیلن - PE,پلی اتیلن سنگین دورانی
103,3840 Off1,https://wikiplast.ir/gradeprice/103,تبریز,پلی اتیلن - PE,پلی اتیلن سنگین دورانی
355,38504 UV,https://wikiplast.ir/gradeprice/355,جم,پلی اتیلن - PE,پلی اتیلن سنگین دورانی
816,3840UA Arak,https://wikiplast.ir/gradeprice/816,شازند,پلی اتیلن - PE,پلی اتیلن سنگین دورانی
849,(پودر) 3840UA Arak,https://wikiplast.ir/gradeprice/849,شازند,پلی اتیلن - PE,پلی اتیلن سنگین دورانی
289,3840 Arak,https://wikiplast.ir/gradeprice/289,شازند,پلی اتیلن - PE,پلی اتیلن سنگین دورانی
779,3840UA lorestan,https://wikiplast.ir/gradeprice/779,لرستان,پلی اتیلن - PE,پلی اتیلن سنگین دورانی
871,HD-3840UA Mahabad,https://wikiplast.ir/gradeprice/871,مهاباد,پلی اتیلن - PE,پلی اتیلن سنگین دورانی
862,5110HF Arya,https://wikiplast.ir/gradeprice/862,آریا ساسول,پلی اتیلن - PE,پلی اتیلن سنگین فیلم
27,5110 Arya,https://wikiplast.ir/gradeprice/27,آریا ساسول,پلی اتیلن - PE,پلی اتیلن سنگین فیلم
28,3713 arya,https://wikiplast.ir/gradeprice/28,آریا ساسول,پلی اتیلن - PE,پلی اتیلن سنگین فیلم
438,HCH 5110 UV arya,https://wikiplast.ir/gradeprice/438,آریا ساسول,پلی اتیلن - PE,پلی اتیلن سنگین فیلم
313,HCH 5110PPA arya,https://wikiplast.ir/gradeprice/313,آریا ساسول,پلی اتیلن - PE,پلی اتیلن سنگین فیلم
108,EX5 AmirKabir,https://wikiplast.ir/gradeprice/108,امیرکبیر,پلی اتیلن - PE,پلی اتیلن سنگین فیلم
26,F7000 Ilam,https://wikiplast.ir/gradeprice/26,ایلام,پلی اتیلن - PE,پلی اتیلن سنگین فیلم
910,7700F Ilam,https://wikiplast.ir/gradeprice/910,ایلام,پلی اتیلن - PE,پلی اتیلن سنگین فیلم
944,F7000 Bandar,https://wikiplast.ir/gradeprice/944,بندرامام,پلی اتیلن - PE,پلی اتیلن سنگین فیلم
96,EX5 Bakhtar,https://wikiplast.ir/gradeprice/96,پلیمر کرمانشاه,پلی اتیلن - PE,پلی اتیلن سنگین فیلم
661,bakhtar (پودر) EX5,https://wikiplast.ir/gradeprice/661,پلیمر کرمانشاه,پلی اتیلن - PE,پلی اتیلن سنگین فیلم
105,EX5 Jam,https://wikiplast.ir/gradeprice/105,جم,پلی اتیلن - PE,پلی اتیلن سنگین فیلم
538,ex5 jam پودر,https://wikiplast.ir/gradeprice/538,جم,پلی اتیلن - PE,پلی اتیلن سنگین فیلم
375,EX5 shazand,https://wikiplast.ir/gradeprice/375,شازند,پلی اتیلن - PE,پلی اتیلن سنگین فیلم
50,EX5 Marun,https://wikiplast.ir/gradeprice/50,مارون,پلی اتیلن - PE,پلی اتیلن سنگین فیلم
843,7000F LMP,https://wikiplast.ir/gradeprice/843,مهر,پلی اتیلن - PE,پلی اتیلن سنگین فیلم
20,F7000 Mehr,https://wikiplast.ir/gradeprice/20,مهر,پلی اتیلن - PE,پلی اتیلن سنگین فیلم
847,7000F LMP,https://wikiplast.ir/gradeprice/847,میاندوآب,پلی اتیلن - PE,پلی اتیلن سنگین فیلم
842,7000F LMP,https://wikiplast.ir/gradeprice/842,میاندوآب,پلی اتیلن - PE,پلی اتیلن سنگین فیلم
651,F7000 Miandoab,https://wikiplast.ir/gradeprice/651,میاندوآب,پلی اتیلن - PE,پلی اتیلن سنگین فیلم
665,miandoab (پودر) F7000,https://wikiplast.ir/gradeprice/665,میاندوآب,پلی اتیلن - PE,پلی اتیلن سنگین فیلم
855,PET-YSY01,https://wikiplast.ir/gradeprice/855,HAINAN YISHENG PETROCHEMICAL CO.LTD,پلی اتیلن - PE,پلی اتیلن ترفتالات بطری
898,IR84 Ismail Resin Limited,https://wikiplast.ir/gradeprice/898,Ismail Resin Limited,پلی اتیلن - PE,پلی اتیلن ترفتالات بطری
975,PET- KOK084,https://wikiplast.ir/gradeprice/975,KOKSAN PET VE PLASTIK AMBALAJ SANAYI VE TICARET A.S,پلی اتیلن - PE,پلی اتیلن ترفتالات بطری
986,PET-K076,https://wikiplast.ir/gradeprice/986,KOKSAN PET VE PLASTIK AMBALAJ SANAYI VE TICARET A.S,پلی اتیلن - PE,پلی اتیلن ترفتالات بطری
749,WK821  OSHIDA PETROKIMYA,https://wikiplast.ir/gradeprice/749,OSHIDA PETROKIMYA,پلی اتیلن - PE,پلی اتیلن ترفتالات بطری
748,WK801L OSHIDA PETROKIMYA,https://wikiplast.ir/gradeprice/748,OSHIDA PETROKIMYA,پلی اتیلن - PE,پلی اتیلن ترفتالات بطری
904,هند PET-BGG5-761,https://wikiplast.ir/gradeprice/904,Reliance Industries Limited - هند,پلی اتیلن - PE,پلی اتیلن ترفتالات بطری
903,هند PET-BGG584,https://wikiplast.ir/gradeprice/903,Reliance Industries Limited - هند,پلی اتیلن - PE,پلی اتیلن ترفتالات بطری
703,PET-BGWK-821,https://wikiplast.ir/gradeprice/703,"Wankai New Materials Co.,Ltd",پلی اتیلن - PE,پلی اتیلن ترفتالات بطری
773,WK 801L,https://wikiplast.ir/gradeprice/773,تندگویان,پلی اتیلن - PE,پلی اتیلن ترفتالات بطری
772,WK 821,https://wikiplast.ir/gradeprice/772,تندگویان,پلی اتیلن - PE,پلی اتیلن ترفتالات بطری
124,PET-BG781 (780S),https://wikiplast.ir/gradeprice/124,تندگویان,پلی اتیلن - PE,پلی اتیلن ترفتالات بطری
137,PET-BG785 (780N),https://wikiplast.ir/gradeprice/137,تندگویان,پلی اتیلن - PE,پلی اتیلن ترفتالات بطری
54,PET-BG821 (820S),https://wikiplast.ir/gradeprice/54,تندگویان,پلی اتیلن - PE,پلی اتیلن ترفتالات بطری
145,PET-BG825 (820N),https://wikiplast.ir/gradeprice/145,تندگویان,پلی اتیلن - PE,پلی اتیلن ترفتالات بطری
537,PET-BG735,https://wikiplast.ir/gradeprice/537,تندگویان,پلی اتیلن - PE,پلی اتیلن ترفتالات بطری
274,PET-BG731,https://wikiplast.ir/gradeprice/274,تندگویان,پلی اتیلن - PE,پلی اتیلن ترفتالات بطری
275,PET-BG732,https://wikiplast.ir/gradeprice/275,تندگویان,پلی اتیلن - PE,پلی اتیلن ترفتالات بطری
276,PET-BG741,https://wikiplast.ir/gradeprice/276,تندگویان,پلی اتیلن - PE,پلی اتیلن ترفتالات بطری
304,PET-BG845,https://wikiplast.ir/gradeprice/304,تندگویان,پلی اتیلن - PE,پلی اتیلن ترفتالات بطری
423,PET- BG 841,https://wikiplast.ir/gradeprice/423,تندگویان,پلی اتیلن - PE,پلی اتیلن ترفتالات بطری
541,BG 730N,https://wikiplast.ir/gradeprice/541,تندگویان,پلی اتیلن - PE,پلی اتیلن ترفتالات بطری
542,BG 730S,https://wikiplast.ir/gradeprice/542,تندگویان,پلی اتیلن - PE,پلی اتیلن ترفتالات بطری
543,BG 760N,https://wikiplast.ir/gradeprice/543,تندگویان,پلی اتیلن - PE,پلی اتیلن ترفتالات بطری
544,BG 760S,https://wikiplast.ir/gradeprice/544,تندگویان,پلی اتیلن - PE,پلی اتیلن ترفتالات بطری
547,BG 800N,https://wikiplast.ir/gradeprice/547,تندگویان,پلی اتیلن - PE,پلی اتیلن ترفتالات بطری
548,BG 800S,https://wikiplast.ir/gradeprice/548,تندگویان,پلی اتیلن - PE,پلی اتیلن ترفتالات بطری
551,BG 840N,https://wikiplast.ir/gradeprice/551,تندگویان,پلی اتیلن - PE,پلی اتیلن ترفتالات بطری
552,BG 840S,https://wikiplast.ir/gradeprice/552,تندگویان,پلی اتیلن - PE,پلی اتیلن ترفتالات بطری
809,MBG820 moheb khavaran,https://wikiplast.ir/gradeprice/809,محب پلی استر خاوران,پلی اتیلن - PE,پلی اتیلن ترفتالات بطری
739,MBG780 moheb khavaran,https://wikiplast.ir/gradeprice/739,محب پلی استر خاوران,پلی اتیلن - PE,پلی اتیلن ترفتالات بطری
993,MelPet GS820 Turkiye,https://wikiplast.ir/gradeprice/993,وارداتی ترکیه,پلی اتیلن - PE,پلی اتیلن ترفتالات بطری
792,LFI 2185 A Arya,https://wikiplast.ir/gradeprice/792,آریا ساسول,پلی اتیلن - PE,پلی اتیلن سبک فیلم - LDPE
37,LF 190 Arya - 2119,https://wikiplast.ir/gradeprice/37,آریا ساسول,پلی اتیلن - PE,پلی اتیلن سبک فیلم - LDPE
584,LFI 2130 Arya,https://wikiplast.ir/gradeprice/584,آریا ساسول,پلی اتیلن - PE,پلی اتیلن سبک فیلم - LDPE
585,LFI 2047A Arya,https://wikiplast.ir/gradeprice/585,آریا ساسول,پلی اتیلن - PE,پلی اتیلن سبک فیلم - LDPE
624,LFI2125A Arya,https://wikiplast.ir/gradeprice/624,آریا ساسول,پلی اتیلن - PE,پلی اتیلن سبک فیلم - LDPE
230,LH0030 Arya,https://wikiplast.ir/gradeprice/230,آریا ساسول,پلی اتیلن - PE,پلی اتیلن سبک فیلم - LDPE
231,LP0470KJ Arya,https://wikiplast.ir/gradeprice/231,آریا ساسول,پلی اتیلن - PE,پلی اتیلن سبک فیلم - LDPE
48,2420h Amir,https://wikiplast.ir/gradeprice/48,امیرکبیر,پلی اتیلن - PE,پلی اتیلن سبک فیلم - LDPE
49,2420d Amir,https://wikiplast.ir/gradeprice/49,امیرکبیر,پلی اتیلن - PE,پلی اتیلن سبک فیلم - LDPE
331,2420K Amir,https://wikiplast.ir/gradeprice/331,امیرکبیر,پلی اتیلن - PE,پلی اتیلن سبک فیلم - LDPE
234,2420F Amir,https://wikiplast.ir/gradeprice/234,امیرکبیر,پلی اتیلن - PE,پلی اتیلن سبک فیلم - LDPE
59,0075Bandar,https://wikiplast.ir/gradeprice/59,بندرامام,پلی اتیلن - PE,پلی اتیلن سبک فیلم - LDPE
78,020Bandar,https://wikiplast.ir/gradeprice/78,بندرامام,پلی اتیلن - PE,پلی اتیلن سبک فیلم - LDPE
976,2427E04 Kordestan,https://wikiplast.ir/gradeprice/976,کردستان,پلی اتیلن - PE,پلی اتیلن سبک فیلم - LDPE
494,2426E02 Kordestan,https://wikiplast.ir/gradeprice/494,کردستان,پلی اتیلن - PE,پلی اتیلن سبک فیلم - LDPE
277,2420E02 Kordestan,https://wikiplast.ir/gradeprice/277,کردستان,پلی اتیلن - PE,پلی اتیلن سبک فیلم - LDPE
212,2420F8 Kordestan,https://wikiplast.ir/gradeprice/212,کردستان,پلی اتیلن - PE,پلی اتیلن سبک فیلم - LDPE
517,3020F9 Kordestan,https://wikiplast.ir/gradeprice/517,کردستان,پلی اتیلن - PE,پلی اتیلن سبک فیلم - LDPE
288,2426f8 Kordestan,https://wikiplast.ir/gradeprice/288,کردستان,پلی اتیلن - PE,پلی اتیلن سبک فیلم - LDPE
381,2420F3 Kordestan,https://wikiplast.ir/gradeprice/381,کردستان,پلی اتیلن - PE,پلی اتیلن سبک فیلم - LDPE
513,2420F9 Kordestan,https://wikiplast.ir/gradeprice/513,کردستان,پلی اتیلن - PE,پلی اتیلن سبک فیلم - LDPE
33,2102TX00-Lale,https://wikiplast.ir/gradeprice/33,لاله,پلی اتیلن - PE,پلی اتیلن سبک فیلم - LDPE
79,2100 Lale,https://wikiplast.ir/gradeprice/79,لاله,پلی اتیلن - PE,پلی اتیلن سبک فیلم - LDPE
528,2102tn 42 Lale,https://wikiplast.ir/gradeprice/528,لاله,پلی اتیلن - PE,پلی اتیلن سبک فیلم - LDPE
384,2100 TN42 Lale,https://wikiplast.ir/gradeprice/384,لاله,پلی اتیلن - PE,پلی اتیلن سبک فیلم - LDPE
387,2404 TC47 Lale,https://wikiplast.ir/gradeprice/387,لاله,پلی اتیلن - PE,پلی اتیلن سبک فیلم - LDPE
388,2004 TC37 Lale,https://wikiplast.ir/gradeprice/388,لاله,پلی اتیلن - PE,پلی اتیلن سبک فیلم - LDPE
389,2101 TN47 Lale,https://wikiplast.ir/gradeprice/389,لاله,پلی اتیلن - PE,پلی اتیلن سبک فیلم - LDPE
271,2102TN Lale,https://wikiplast.ir/gradeprice/271,لاله,پلی اتیلن - PE,پلی اتیلن سبک فیلم - LDPE
159,2004Tc Lale,https://wikiplast.ir/gradeprice/159,لاله,پلی اتیلن - PE,پلی اتیلن سبک فیلم - LDPE
854,F7000 LMP Ilam,https://wikiplast.ir/gradeprice/854,ایلام,پلی اتیلن - PE,پلی اتیلن LMP
852,Bandar emam 0035 LMP,https://wikiplast.ir/gradeprice/852,بندرامام,پلی اتیلن - PE,پلی اتیلن LMP
960,F7000 LMP Bandar,https://wikiplast.ir/gradeprice/960,بندرامام,پلی اتیلن - PE,پلی اتیلن LMP
863,F7000 LMP Mehr,https://wikiplast.ir/gradeprice/863,مهر,پلی اتیلن - PE,پلی اتیلن LMP
850,F7000 LMP Miandoab,https://wikiplast.ir/gradeprice/850,میاندوآب,پلی اتیلن - PE,پلی اتیلن LMP
977,HP500N Arghavan Ilam,https://wikiplast.ir/gradeprice/977,ارغوان گستر ایلام,پلی پروپیلن - PP,پلی پروپیلن هموپلیمر (پ پ نساجی)
985,HP520H Arghavan Ilam,https://wikiplast.ir/gradeprice/985,ارغوان گستر ایلام,پلی پروپیلن - PP,پلی پروپیلن هموپلیمر (پ پ نساجی)
984,HP500k Arghavan Ilam,https://wikiplast.ir/gradeprice/984,ارغوان گستر ایلام,پلی پروپیلن - PP,پلی پروپیلن هموپلیمر (پ پ نساجی)
981,HP550J Arghavan Ilam,https://wikiplast.ir/gradeprice/981,ارغوان گستر ایلام,پلی پروپیلن - PP,پلی پروپیلن هموپلیمر (پ پ نساجی)
978,HP500M Arghavan Ilam,https://wikiplast.ir/gradeprice/978,ارغوان گستر ایلام,پلی پروپیلن - PP,پلی پروپیلن هموپلیمر (پ پ نساجی)
972,HP 510L Arghavan Ilam,https://wikiplast.ir/gradeprice/972,ارغوان گستر ایلام,پلی پروپیلن - PP,پلی پروپیلن هموپلیمر (پ پ نساجی)
939,(پودر) HP550J Jam,https://wikiplast.ir/gradeprice/939,پلی پروپیلن جم (جم پیلن),پلی پروپیلن - PP,پلی پروپیلن هموپلیمر (پ پ نساجی)
896,(پودر) HP510L JAM,https://wikiplast.ir/gradeprice/896,پلی پروپیلن جم (جم پیلن),پلی پروپیلن - PP,پلی پروپیلن هموپلیمر (پ پ نساجی)
88,552R Jam,https://wikiplast.ir/gradeprice/88,پلی پروپیلن جم (جم پیلن),پلی پروپیلن - PP,پلی پروپیلن هموپلیمر (پ پ نساجی)
612,C30s Jam,https://wikiplast.ir/gradeprice/612,پلی پروپیلن جم (جم پیلن),پلی پروپیلن - PP,پلی پروپیلن هموپلیمر (پ پ نساجی)
89,510L Jam,https://wikiplast.ir/gradeprice/89,پلی پروپیلن جم (جم پیلن),پلی پروپیلن - PP,پلی پروپیلن هموپلیمر (پ پ نساجی)
91,550J Jam,https://wikiplast.ir/gradeprice/91,پلی پروپیلن جم (جم پیلن),پلی پروپیلن - PP,پلی پروپیلن هموپلیمر (پ پ نساجی)
629,HP 500J Jam,https://wikiplast.ir/gradeprice/629,پلی پروپیلن جم (جم پیلن),پلی پروپیلن - PP,پلی پروپیلن هموپلیمر (پ پ نساجی)
503,HP 502P (V30S) JAM,https://wikiplast.ir/gradeprice/503,پلی پروپیلن جم (جم پیلن),پلی پروپیلن - PP,پلی پروپیلن هموپلیمر (پ پ نساجی)
580,پلی پروپیلن نساجی (پودر) HP552R,https://wikiplast.ir/gradeprice/580,پلی پروپیلن جم (جم پیلن),پلی پروپیلن - PP,پلی پروپیلن هموپلیمر (پ پ نساجی)
611,Z30s Jam,https://wikiplast.ir/gradeprice/611,پلی پروپیلن جم (جم پیلن),پلی پروپیلن - PP,پلی پروپیلن هموپلیمر (پ پ نساجی)
614,HP 500P Jam,https://wikiplast.ir/gradeprice/614,پلی پروپیلن جم (جم پیلن),پلی پروپیلن - PP,پلی پروپیلن هموپلیمر (پ پ نساجی)
221,564s Jam,https://wikiplast.ir/gradeprice/221,پلی پروپیلن جم (جم پیلن),پلی پروپیلن - PP,پلی پروپیلن هموپلیمر (پ پ نساجی)
878,PFI090 Polynar,https://wikiplast.ir/gradeprice/878,پلی نار,پلی پروپیلن - PP,پلی پروپیلن هموپلیمر (پ پ نساجی)
252,YI250 Polynar,https://wikiplast.ir/gradeprice/252,پلی نار,پلی پروپیلن - PP,پلی پروپیلن هموپلیمر (پ پ نساجی)
251,SF 060 Polynar,https://wikiplast.ir/gradeprice/251,پلی نار,پلی پروپیلن - PP,پلی پروپیلن هموپلیمر (پ پ نساجی)
334,YI 180 Polynar,https://wikiplast.ir/gradeprice/334,پلی نار,پلی پروپیلن - PP,پلی پروپیلن هموپلیمر (پ پ نساجی)
531,P-FI-160 Polynar,https://wikiplast.ir/gradeprice/531,پلی نار,پلی پروپیلن - PP,پلی پروپیلن هموپلیمر (پ پ نساجی)
254,SF11060 Polynar,https://wikiplast.ir/gradeprice/254,پلی نار,پلی پروپیلن - PP,پلی پروپیلن هموپلیمر (پ پ نساجی)
255,SIF030 Polynar,https://wikiplast.ir/gradeprice/255,پلی نار,پلی پروپیلن - PP,پلی پروپیلن هموپلیمر (پ پ نساجی)
227,SIF010 Polynar,https://wikiplast.ir/gradeprice/227,پلی نار,پلی پروپیلن - PP,پلی پروپیلن هموپلیمر (پ پ نساجی)
253,CR 380 Polynar,https://wikiplast.ir/gradeprice/253,پلی نار,پلی پروپیلن - PP,پلی پروپیلن هموپلیمر (پ پ نساجی)
530,FI 160 Polynar,https://wikiplast.ir/gradeprice/530,پلی نار,پلی پروپیلن - PP,پلی پروپیلن هموپلیمر (پ پ نساجی)
602,pi 110 Polynar,https://wikiplast.ir/gradeprice/602,پلی نار,پلی پروپیلن - PP,پلی پروپیلن هموپلیمر (پ پ نساجی)
963,YD-425 Tabriz,https://wikiplast.ir/gradeprice/963,تبریز,پلی پروپیلن - PP,پلی پروپیلن هموپلیمر (پ پ نساجی)
787,PPH-YD-225 Tabriz,https://wikiplast.ir/gradeprice/787,تبریز,پلی پروپیلن - PP,پلی پروپیلن هموپلیمر (پ پ نساجی)
785,PPH-HD-225 Tabriz,https://wikiplast.ir/gradeprice/785,تبریز,پلی پروپیلن - PP,پلی پروپیلن هموپلیمر (پ پ نساجی)
786,PPH-XD-045 Tabriz (پودر),https://wikiplast.ir/gradeprice/786,تبریز,پلی پروپیلن - PP,پلی پروپیلن هموپلیمر (پ پ نساجی)
875,V30S JAM,https://wikiplast.ir/gradeprice/875,جم,پلی پروپیلن - PP,پلی پروپیلن هموپلیمر (پ پ نساجی)
832,HP 550P Khomein,https://wikiplast.ir/gradeprice/832,دی آریا پلیمر,پلی پروپیلن - PP,پلی پروپیلن هموپلیمر (پ پ نساجی)
840,552R Khomin,https://wikiplast.ir/gradeprice/840,دی آریا پلیمر,پلی پروپیلن - PP,پلی پروپیلن هموپلیمر (پ پ نساجی)
836,Z30S Khomein,https://wikiplast.ir/gradeprice/836,دی آریا پلیمر,پلی پروپیلن - PP,پلی پروپیلن هموپلیمر (پ پ نساجی)
811,V30S Khomein,https://wikiplast.ir/gradeprice/811,دی آریا پلیمر,پلی پروپیلن - PP,پلی پروپیلن هموپلیمر (پ پ نساجی)
831,HP 502N Khomein,https://wikiplast.ir/gradeprice/831,دی آریا پلیمر,پلی پروپیلن - PP,پلی پروپیلن هموپلیمر (پ پ نساجی)
799,HP500M Khomein,https://wikiplast.ir/gradeprice/799,دی آریا پلیمر,پلی پروپیلن - PP,پلی پروپیلن هموپلیمر (پ پ نساجی)
968,HP500K Khomein,https://wikiplast.ir/gradeprice/968,دی آریا پلیمر,پلی پروپیلن - PP,پلی پروپیلن هموپلیمر (پ پ نساجی)
744,510L Khomein,https://wikiplast.ir/gradeprice/744,دی آریا پلیمر,پلی پروپیلن - PP,پلی پروپیلن هموپلیمر (پ پ نساجی)
781,HP 550J Khoemin,https://wikiplast.ir/gradeprice/781,دی آریا پلیمر,پلی پروپیلن - PP,پلی پروپیلن هموپلیمر (پ پ نساجی)
730,1102K Regal,https://wikiplast.ir/gradeprice/730,رجال,پلی پروپیلن - PP,پلی پروپیلن هموپلیمر (پ پ نساجی)
767,1101M Regal,https://wikiplast.ir/gradeprice/767,رجال,پلی پروپیلن - PP,پلی پروپیلن هموپلیمر (پ پ نساجی)
766,1102G Regal,https://wikiplast.ir/gradeprice/766,رجال,پلی پروپیلن - PP,پلی پروپیلن هموپلیمر (پ پ نساجی)
750,1101XR Regal,https://wikiplast.ir/gradeprice/750,رجال,پلی پروپیلن - PP,پلی پروپیلن هموپلیمر (پ پ نساجی)
299,1102XL Regal,https://wikiplast.ir/gradeprice/299,رجال,پلی پروپیلن - PP,پلی پروپیلن هموپلیمر (پ پ نساجی)
367,1102XK Regal,https://wikiplast.ir/gradeprice/367,رجال,پلی پروپیلن - PP,پلی پروپیلن هموپلیمر (پ پ نساجی)
287,1101s Regal,https://wikiplast.ir/gradeprice/287,رجال,پلی پروپیلن - PP,پلی پروپیلن هموپلیمر (پ پ نساجی)
366,1102L Regal,https://wikiplast.ir/gradeprice/366,رجال,پلی پروپیلن - PP,پلی پروپیلن هموپلیمر (پ پ نساجی)
298,1101SL Regal,https://wikiplast.ir/gradeprice/298,رجال,پلی پروپیلن - PP,پلی پروپیلن هموپلیمر (پ پ نساجی)
477,1101XXS Regal,https://wikiplast.ir/gradeprice/477,رجال,پلی پروپیلن - PP,پلی پروپیلن هموپلیمر (پ پ نساجی)
515,1101N Regal,https://wikiplast.ir/gradeprice/515,رجال,پلی پروپیلن - PP,پلی پروپیلن هموپلیمر (پ پ نساجی)
516,1102M Regal,https://wikiplast.ir/gradeprice/516,رجال,پلی پروپیلن - PP,پلی پروپیلن هموپلیمر (پ پ نساجی)
360,1101P Regal,https://wikiplast.ir/gradeprice/360,رجال,پلی پروپیلن - PP,پلی پروپیلن هموپلیمر (پ پ نساجی)
361,1101XN Regal,https://wikiplast.ir/gradeprice/361,رجال,پلی پروپیلن - PP,پلی پروپیلن هموپلیمر (پ پ نساجی)
362,1101XP Regal,https://wikiplast.ir/gradeprice/362,رجال,پلی پروپیلن - PP,پلی پروپیلن هموپلیمر (پ پ نساجی)
363,1101XS Regal,https://wikiplast.ir/gradeprice/363,رجال,پلی پروپیلن - PP,پلی پروپیلن هموپلیمر (پ پ نساجی)
364,1101XXR Regal,https://wikiplast.ir/gradeprice/364,رجال,پلی پروپیلن - PP,پلی پروپیلن هموپلیمر (پ پ نساجی)
365,1102H Regal,https://wikiplast.ir/gradeprice/365,رجال,پلی پروپیلن - PP,پلی پروپیلن هموپلیمر (پ پ نساجی)
932,HP500N Shazand,https://wikiplast.ir/gradeprice/932,شازند,پلی پروپیلن - PP,پلی پروپیلن هموپلیمر (پ پ نساجی)
734,(پودر) Z30S Arak,https://wikiplast.ir/gradeprice/734,شازند,پلی پروپیلن - PP,پلی پروپیلن هموپلیمر (پ پ نساجی)
87,552R Arak,https://wikiplast.ir/gradeprice/87,شازند,پلی پروپیلن - PP,پلی پروپیلن هموپلیمر (پ پ نساجی)
197,Z30s Arak,https://wikiplast.ir/gradeprice/197,شازند,پلی پروپیلن - PP,پلی پروپیلن هموپلیمر (پ پ نساجی)
732,HP 502N Arak,https://wikiplast.ir/gradeprice/732,شازند,پلی پروپیلن - PP,پلی پروپیلن هموپلیمر (پ پ نساجی)
139,V30S Arak,https://wikiplast.ir/gradeprice/139,شازند,پلی پروپیلن - PP,پلی پروپیلن هموپلیمر (پ پ نساجی)
153,510L Arak,https://wikiplast.ir/gradeprice/153,شازند,پلی پروپیلن - PP,پلی پروپیلن هموپلیمر (پ پ نساجی)
208,HP 550J Arak,https://wikiplast.ir/gradeprice/208,شازند,پلی پروپیلن - PP,پلی پروپیلن هموپلیمر (پ پ نساجی)
370,HP 554P Arak,https://wikiplast.ir/gradeprice/370,شازند,پلی پروپیلن - PP,پلی پروپیلن هموپلیمر (پ پ نساجی)
371,HP 565S Arak,https://wikiplast.ir/gradeprice/371,شازند,پلی پروپیلن - PP,پلی پروپیلن هموپلیمر (پ پ نساجی)
437,552R Shazand پودر,https://wikiplast.ir/gradeprice/437,شازند,پلی پروپیلن - PP,پلی پروپیلن هموپلیمر (پ پ نساجی)
616,ARP 512A Arak,https://wikiplast.ir/gradeprice/616,شازند,پلی پروپیلن - PP,پلی پروپیلن هموپلیمر (پ پ نساجی)
608,(پودر) HP510L Arak,https://wikiplast.ir/gradeprice/608,شازند,پلی پروپیلن - PP,پلی پروپیلن هموپلیمر (پ پ نساجی)
936,HP560R Marun,https://wikiplast.ir/gradeprice/936,مارون,پلی پروپیلن - PP,پلی پروپیلن هموپلیمر (پ پ نساجی)
735,HP 565S-AG Marun,https://wikiplast.ir/gradeprice/735,مارون,پلی پروپیلن - PP,پلی پروپیلن هموپلیمر (پ پ نساجی)
174,552R Maroun,https://wikiplast.ir/gradeprice/174,مارون,پلی پروپیلن - PP,پلی پروپیلن هموپلیمر (پ پ نساجی)
65,Z30S Marun,https://wikiplast.ir/gradeprice/65,مارون,پلی پروپیلن - PP,پلی پروپیلن هموپلیمر (پ پ نساجی)
169,Z30G Marun,https://wikiplast.ir/gradeprice/169,مارون,پلی پروپیلن - PP,پلی پروپیلن هموپلیمر (پ پ نساجی)
404,F 30G Marun,https://wikiplast.ir/gradeprice/404,مارون,پلی پروپیلن - PP,پلی پروپیلن هموپلیمر (پ پ نساجی)
162,V30G Marun,https://wikiplast.ir/gradeprice/162,مارون,پلی پروپیلن - PP,پلی پروپیلن هموپلیمر (پ پ نساجی)
403,V 30S Marun,https://wikiplast.ir/gradeprice/403,مارون,پلی پروپیلن - PP,پلی پروپیلن هموپلیمر (پ پ نساجی)
413,HP 500J Maroun,https://wikiplast.ir/gradeprice/413,مارون,پلی پروپیلن - PP,پلی پروپیلن هموپلیمر (پ پ نساجی)
640,HP 501D Marun,https://wikiplast.ir/gradeprice/640,مارون,پلی پروپیلن - PP,پلی پروپیلن هموپلیمر (پ پ نساجی)
64,C30S Marun,https://wikiplast.ir/gradeprice/64,مارون,پلی پروپیلن - PP,پلی پروپیلن هموپلیمر (پ پ نساجی)
609,HP 550J Marun,https://wikiplast.ir/gradeprice/609,مارون,پلی پروپیلن - PP,پلی پروپیلن هموپلیمر (پ پ نساجی)
643,HP 562S Marun,https://wikiplast.ir/gradeprice/643,مارون,پلی پروپیلن - PP,پلی پروپیلن هموپلیمر (پ پ نساجی)
667,565S Marun,https://wikiplast.ir/gradeprice/667,مارون,پلی پروپیلن - PP,پلی پروپیلن هموپلیمر (پ پ نساجی)
311,V 79S Marun,https://wikiplast.ir/gradeprice/311,مارون,پلی پروپیلن - PP,پلی پروپیلن هموپلیمر (پ پ نساجی)
540,X30S Marun,https://wikiplast.ir/gradeprice/540,مارون,پلی پروپیلن - PP,پلی پروپیلن هموپلیمر (پ پ نساجی)
523,F30S Marun,https://wikiplast.ir/gradeprice/523,مارون,پلی پروپیلن - PP,پلی پروپیلن هموپلیمر (پ پ نساجی)
529,HP 456J Marun,https://wikiplast.ir/gradeprice/529,مارون,پلی پروپیلن - PP,پلی پروپیلن هموپلیمر (پ پ نساجی)
405,V 79G Marun,https://wikiplast.ir/gradeprice/405,مارون,پلی پروپیلن - PP,پلی پروپیلن هموپلیمر (پ پ نساجی)
777,(پودر) HP550J Navid,https://wikiplast.ir/gradeprice/777,نوید زرشیمی,پلی پروپیلن - PP,پلی پروپیلن هموپلیمر (پ پ نساجی)
888,(پودر) ZH510L Navid,https://wikiplast.ir/gradeprice/888,نوید زرشیمی,پلی پروپیلن - PP,پلی پروپیلن هموپلیمر (پ پ نساجی)
222,552R Navid,https://wikiplast.ir/gradeprice/222,نوید زرشیمی,پلی پروپیلن - PP,پلی پروپیلن هموپلیمر (پ پ نساجی)
90,510L Navid,https://wikiplast.ir/gradeprice/90,نوید زرشیمی,پلی پروپیلن - PP,پلی پروپیلن هموپلیمر (پ پ نساجی)
270,ZH 550J Navid,https://wikiplast.ir/gradeprice/270,نوید زرشیمی,پلی پروپیلن - PP,پلی پروپیلن هموپلیمر (پ پ نساجی)
663,(پودر) ZH552R,https://wikiplast.ir/gradeprice/663,نوید زرشیمی,پلی پروپیلن - PP,پلی پروپیلن هموپلیمر (پ پ نساجی)
278,ZB 545L Navid,https://wikiplast.ir/gradeprice/278,نوید زرشیمی,پلی پروپیلن - PP,پلی پروپیلن هموپلیمر (پ پ نساجی)
481,ZH564S,https://wikiplast.ir/gradeprice/481,نوید زرشیمی,پلی پروپیلن - PP,پلی پروپیلن هموپلیمر (پ پ نساجی)
418,ZH 422H Navid,https://wikiplast.ir/gradeprice/418,نوید زرشیمی,پلی پروپیلن - PP,پلی پروپیلن هموپلیمر (پ پ نساجی)
419,ZH 520J Navid,https://wikiplast.ir/gradeprice/419,نوید زرشیمی,پلی پروپیلن - PP,پلی پروپیلن هموپلیمر (پ پ نساجی)
876,Hyosung Topilene R200P,https://wikiplast.ir/gradeprice/876,Hyosung Topilene,پلی پروپیلن - PP,پلی پروپیلن کوپلیمر - (پ پ شیمیایی )
815,EPD 60R Jam,https://wikiplast.ir/gradeprice/815,پلی پروپیلن جم (جم پیلن),پلی پروپیلن - PP,پلی پروپیلن کوپلیمر - (پ پ شیمیایی )
970,EP 6540G JAM,https://wikiplast.ir/gradeprice/970,پلی پروپیلن جم (جم پیلن),پلی پروپیلن - PP,پلی پروپیلن کوپلیمر - (پ پ شیمیایی )
837,EP 3130UV پودر,https://wikiplast.ir/gradeprice/837,پلی پروپیلن جم (جم پیلن),پلی پروپیلن - PP,پلی پروپیلن کوپلیمر - (پ پ شیمیایی )
969,EP 445L JAM,https://wikiplast.ir/gradeprice/969,پلی پروپیلن جم (جم پیلن),پلی پروپیلن - PP,پلی پروپیلن کوپلیمر - (پ پ شیمیایی )
940,RP230C پودر,https://wikiplast.ir/gradeprice/940,پلی پروپیلن جم (جم پیلن),پلی پروپیلن - PP,پلی پروپیلن کوپلیمر - (پ پ شیمیایی )
923,(پودر) EP 548T Jam,https://wikiplast.ir/gradeprice/923,پلی پروپیلن جم (جم پیلن),پلی پروپیلن - PP,پلی پروپیلن کوپلیمر - (پ پ شیمیایی )
899,EP4130N Jam,https://wikiplast.ir/gradeprice/899,پلی پروپیلن جم (جم پیلن),پلی پروپیلن - PP,پلی پروپیلن کوپلیمر - (پ پ شیمیایی )
922,(پودر) EP 548R Jam,https://wikiplast.ir/gradeprice/922,پلی پروپیلن جم (جم پیلن),پلی پروپیلن - PP,پلی پروپیلن کوپلیمر - (پ پ شیمیایی )
917,HP515M JAM,https://wikiplast.ir/gradeprice/917,پلی پروپیلن جم (جم پیلن),پلی پروپیلن - PP,پلی پروپیلن کوپلیمر - (پ پ شیمیایی )
126,440L Jam,https://wikiplast.ir/gradeprice/126,پلی پروپیلن جم (جم پیلن),پلی پروپیلن - PP,پلی پروپیلن کوپلیمر - (پ پ شیمیایی )
62,440G Jam,https://wikiplast.ir/gradeprice/62,پلی پروپیلن جم (جم پیلن),پلی پروپیلن - PP,پلی پروپیلن کوپلیمر - (پ پ شیمیایی )
61,548R Jam,https://wikiplast.ir/gradeprice/61,پلی پروپیلن جم (جم پیلن),پلی پروپیلن - PP,پلی پروپیلن کوپلیمر - (پ پ شیمیایی )
900,EP548U Jam,https://wikiplast.ir/gradeprice/900,پلی پروپیلن جم (جم پیلن),پلی پروپیلن - PP,پلی پروپیلن کوپلیمر - (پ پ شیمیایی )
219,548T Jam,https://wikiplast.ir/gradeprice/219,پلی پروپیلن جم (جم پیلن),پلی پروپیلن - PP,پلی پروپیلن کوپلیمر - (پ پ شیمیایی )
140,RP340 Jam,https://wikiplast.ir/gradeprice/140,پلی پروپیلن جم (جم پیلن),پلی پروپیلن - PP,پلی پروپیلن کوپلیمر - (پ پ شیمیایی )
774,RP345S Jam,https://wikiplast.ir/gradeprice/774,پلی پروپیلن جم (جم پیلن),پلی پروپیلن - PP,پلی پروپیلن کوپلیمر - (پ پ شیمیایی )
249,RPX-345S Jam,https://wikiplast.ir/gradeprice/249,پلی پروپیلن جم (جم پیلن),پلی پروپیلن - PP,پلی پروپیلن کوپلیمر - (پ پ شیمیایی )
628,RP 230C Jam,https://wikiplast.ir/gradeprice/628,پلی پروپیلن جم (جم پیلن),پلی پروپیلن - PP,پلی پروپیلن کوپلیمر - (پ پ شیمیایی )
802,EP 3130UV Jam,https://wikiplast.ir/gradeprice/802,پلی پروپیلن جم (جم پیلن),پلی پروپیلن - PP,پلی پروپیلن کوپلیمر - (پ پ شیمیایی )
250,EPX-3130UV Jam,https://wikiplast.ir/gradeprice/250,پلی پروپیلن جم (جم پیلن),پلی پروپیلن - PP,پلی پروپیلن کوپلیمر - (پ پ شیمیایی )
451,(EP332L (EPC40R,https://wikiplast.ir/gradeprice/451,پلی پروپیلن جم (جم پیلن),پلی پروپیلن - PP,پلی پروپیلن کوپلیمر - (پ پ شیمیایی )
291,PNR 230c Polynar,https://wikiplast.ir/gradeprice/291,پلی نار,پلی پروپیلن - PP,پلی پروپیلن کوپلیمر - (پ پ شیمیایی )
625,PNR 340R Polynar,https://wikiplast.ir/gradeprice/625,پلی نار,پلی پروپیلن - PP,پلی پروپیلن کوپلیمر - (پ پ شیمیایی )
967,PPH-XD-140 Tabriz,https://wikiplast.ir/gradeprice/967,تبریز,پلی پروپیلن - PP,پلی پروپیلن کوپلیمر - (پ پ شیمیایی )
966,HD-300 Tabriz,https://wikiplast.ir/gradeprice/966,تبریز,پلی پروپیلن - PP,پلی پروپیلن کوپلیمر - (پ پ شیمیایی )
962,ED-003 Tabriz,https://wikiplast.ir/gradeprice/962,تبریز,پلی پروپیلن - PP,پلی پروپیلن کوپلیمر - (پ پ شیمیایی )
961,ED-008 Tabriz,https://wikiplast.ir/gradeprice/961,تبریز,پلی پروپیلن - PP,پلی پروپیلن کوپلیمر - (پ پ شیمیایی )
797,HP515J Khomein,https://wikiplast.ir/gradeprice/797,دی آریا پلیمر,پلی پروپیلن - PP,پلی پروپیلن کوپلیمر - (پ پ شیمیایی )
979,1128M Regal,https://wikiplast.ir/gradeprice/979,رجال,پلی پروپیلن - PP,پلی پروپیلن کوپلیمر - (پ پ شیمیایی )
369,3212E Regal,https://wikiplast.ir/gradeprice/369,رجال,پلی پروپیلن - PP,پلی پروپیلن کوپلیمر - (پ پ شیمیایی )
746,3212XE Regal,https://wikiplast.ir/gradeprice/746,رجال,پلی پروپیلن - PP,پلی پروپیلن کوپلیمر - (پ پ شیمیایی )
450,3212H Regal,https://wikiplast.ir/gradeprice/450,رجال,پلی پروپیلن - PP,پلی پروپیلن کوپلیمر - (پ پ شیمیایی )
487,RGH&R Regal,https://wikiplast.ir/gradeprice/487,رجال,پلی پروپیلن - PP,پلی پروپیلن کوپلیمر - (پ پ شیمیایی )
300,R 40 Arak,https://wikiplast.ir/gradeprice/300,شازند,پلی پروپیلن - PP,پلی پروپیلن کوپلیمر - (پ پ شیمیایی )
533,EPC40R Arak,https://wikiplast.ir/gradeprice/533,شازند,پلی پروپیلن - PP,پلی پروپیلن کوپلیمر - (پ پ شیمیایی )
141,R60 Arak,https://wikiplast.ir/gradeprice/141,شازند,پلی پروپیلن - PP,پلی پروپیلن کوپلیمر - (پ پ شیمیایی )
453,RP 210G Arak,https://wikiplast.ir/gradeprice/453,شازند,پلی پروپیلن - PP,پلی پروپیلن کوپلیمر - (پ پ شیمیایی )
596,(پودر) RP210G,https://wikiplast.ir/gradeprice/596,شازند,پلی پروپیلن - PP,پلی پروپیلن کوپلیمر - (پ پ شیمیایی )
607,(پودر) EPD 60R,https://wikiplast.ir/gradeprice/607,شازند,پلی پروپیلن - PP,پلی پروپیلن کوپلیمر - (پ پ شیمیایی )
617,EPQ30RF Arak,https://wikiplast.ir/gradeprice/617,شازند,پلی پروپیلن - PP,پلی پروپیلن کوپلیمر - (پ پ شیمیایی )
631,(پودر) EPC40R,https://wikiplast.ir/gradeprice/631,شازند,پلی پروپیلن - PP,پلی پروپیلن کوپلیمر - (پ پ شیمیایی )
321,EP 2X 83CE Arak,https://wikiplast.ir/gradeprice/321,شازند,پلی پروپیلن - PP,پلی پروپیلن کوپلیمر - (پ پ شیمیایی )
378,EP2X CI Arak,https://wikiplast.ir/gradeprice/378,شازند,پلی پروپیلن - PP,پلی پروپیلن کوپلیمر - (پ پ شیمیایی )
377,ARP 230 Arak,https://wikiplast.ir/gradeprice/377,شازند,پلی پروپیلن - PP,پلی پروپیلن کوپلیمر - (پ پ شیمیایی )
379,EP2X83CE Arak,https://wikiplast.ir/gradeprice/379,شازند,پلی پروپیلن - PP,پلی پروپیلن کوپلیمر - (پ پ شیمیایی )
224,RP340 Arak,https://wikiplast.ir/gradeprice/224,شازند,پلی پروپیلن - PP,پلی پروپیلن کوپلیمر - (پ پ شیمیایی )
864,EP 540N Maron,https://wikiplast.ir/gradeprice/864,مارون,پلی پروپیلن - PP,پلی پروپیلن کوپلیمر - (پ پ شیمیایی )
741,MR 240C Marun,https://wikiplast.ir/gradeprice/741,مارون,پلی پروپیلن - PP,پلی پروپیلن کوپلیمر - (پ پ شیمیایی )
296,X30G Marun,https://wikiplast.ir/gradeprice/296,مارون,پلی پروپیلن - PP,پلی پروپیلن کوپلیمر - (پ پ شیمیایی )
282,C30G Marun,https://wikiplast.ir/gradeprice/282,مارون,پلی پروپیلن - PP,پلی پروپیلن کوپلیمر - (پ پ شیمیایی )
701,EP 548R Maron,https://wikiplast.ir/gradeprice/701,مارون,پلی پروپیلن - PP,پلی پروپیلن کوپلیمر - (پ پ شیمیایی )
63,MR230 Marun,https://wikiplast.ir/gradeprice/63,مارون,پلی پروپیلن - PP,پلی پروپیلن کوپلیمر - (پ پ شیمیایی )
700,RP340R Marun,https://wikiplast.ir/gradeprice/700,مارون,پلی پروپیلن - PP,پلی پروپیلن کوپلیمر - (پ پ شیمیایی )
934,RP 210G Marun,https://wikiplast.ir/gradeprice/934,مارون,پلی پروپیلن - PP,پلی پروپیلن کوپلیمر - (پ پ شیمیایی )
409,R40 Marun,https://wikiplast.ir/gradeprice/409,مارون,پلی پروپیلن - PP,پلی پروپیلن کوپلیمر - (پ پ شیمیایی )
410,EP1 X35 AF Marun,https://wikiplast.ir/gradeprice/410,مارون,پلی پروپیلن - PP,پلی پروپیلن کوپلیمر - (پ پ شیمیایی )
411,T 31SE Marun,https://wikiplast.ir/gradeprice/411,مارون,پلی پروپیلن - PP,پلی پروپیلن کوپلیمر - (پ پ شیمیایی )
412,T 30G Marun,https://wikiplast.ir/gradeprice/412,مارون,پلی پروپیلن - PP,پلی پروپیلن کوپلیمر - (پ پ شیمیایی )
581,RP240G Marun,https://wikiplast.ir/gradeprice/581,مارون,پلی پروپیلن - PP,پلی پروپیلن کوپلیمر - (پ پ شیمیایی )
539,EP1 X30F Marun,https://wikiplast.ir/gradeprice/539,مارون,پلی پروپیلن - PP,پلی پروپیلن کوپلیمر - (پ پ شیمیایی )
858,(پودر) ZR230C,https://wikiplast.ir/gradeprice/858,نوید زرشیمی,پلی پروپیلن - PP,پلی پروپیلن کوپلیمر - (پ پ شیمیایی )
416,ZH 500M Navid,https://wikiplast.ir/gradeprice/416,نوید زرشیمی,پلی پروپیلن - PP,پلی پروپیلن کوپلیمر - (پ پ شیمیایی )
268,ZH 515 MA Navid,https://wikiplast.ir/gradeprice/268,نوید زرشیمی,پلی پروپیلن - PP,پلی پروپیلن کوپلیمر - (پ پ شیمیایی )
415,ZB 440L Navid,https://wikiplast.ir/gradeprice/415,نوید زرشیمی,پلی پروپیلن - PP,پلی پروپیلن کوپلیمر - (پ پ شیمیایی )
301,ZB 548R Navid,https://wikiplast.ir/gradeprice/301,نوید زرشیمی,پلی پروپیلن - PP,پلی پروپیلن کوپلیمر - (پ پ شیمیایی )
302,ZB 548T Navid,https://wikiplast.ir/gradeprice/302,نوید زرشیمی,پلی پروپیلن - PP,پلی پروپیلن کوپلیمر - (پ پ شیمیایی )
142,ZR230 Navid,https://wikiplast.ir/gradeprice/142,نوید زرشیمی,پلی پروپیلن - PP,پلی پروپیلن کوپلیمر - (پ پ شیمیایی )
452,ZRCT 230C Navid,https://wikiplast.ir/gradeprice/452,نوید زرشیمی,پلی پروپیلن - PP,پلی پروپیلن کوپلیمر - (پ پ شیمیایی )
136,332C Navid,https://wikiplast.ir/gradeprice/136,نوید زرشیمی,پلی پروپیلن - PP,پلی پروپیلن کوپلیمر - (پ پ شیمیایی )
292,ZR340r Navid,https://wikiplast.ir/gradeprice/292,نوید زرشیمی,پلی پروپیلن - PP,پلی پروپیلن کوپلیمر - (پ پ شیمیایی )
518,ZB532C Navid,https://wikiplast.ir/gradeprice/518,نوید زرشیمی,پلی پروپیلن - PP,پلی پروپیلن کوپلیمر - (پ پ شیمیایی )
519,ZR 348U Navid,https://wikiplast.ir/gradeprice/519,نوید زرشیمی,پلی پروپیلن - PP,پلی پروپیلن کوپلیمر - (پ پ شیمیایی )
626,(پودر) ZB 332C,https://wikiplast.ir/gradeprice/626,نوید زرشیمی,پلی پروپیلن - PP,پلی پروپیلن کوپلیمر - (پ پ شیمیایی )
636,(پودر) ZH500M,https://wikiplast.ir/gradeprice/636,نوید زرشیمی,پلی پروپیلن - PP,پلی پروپیلن کوپلیمر - (پ پ شیمیایی )
638,Navid (پودر) ZB 548R,https://wikiplast.ir/gradeprice/638,نوید زرشیمی,پلی پروپیلن - PP,پلی پروپیلن کوپلیمر - (پ پ شیمیایی )
690,(پودر) ZR348T,https://wikiplast.ir/gradeprice/690,نوید زرشیمی,پلی پروپیلن - PP,پلی پروپیلن کوپلیمر - (پ پ شیمیایی )
414,ZB 432L Navid,https://wikiplast.ir/gradeprice/414,نوید زرشیمی,پلی پروپیلن - PP,پلی پروپیلن کوپلیمر - (پ پ شیمیایی )
417,ZR 348T Navid,https://wikiplast.ir/gradeprice/417,نوید زرشیمی,پلی پروپیلن - PP,پلی پروپیلن کوپلیمر - (پ پ شیمیایی )
431,EP 440L Navid,https://wikiplast.ir/gradeprice/431,نوید زرشیمی,پلی پروپیلن - PP,پلی پروپیلن کوپلیمر - (پ پ شیمیایی )
143,332L Navid,https://wikiplast.ir/gradeprice/143,نوید زرشیمی,پلی پروپیلن - PP,پلی پروپیلن کوپلیمر - (پ پ شیمیایی )
449,ZB 445L Navid,https://wikiplast.ir/gradeprice/449,نوید زرشیمی,پلی پروپیلن - PP,پلی پروپیلن کوپلیمر - (پ پ شیمیایی )
947,(پودر) RP120L Jam,https://wikiplast.ir/gradeprice/947,پلی پروپیلن جم (جم پیلن),پلی پروپیلن - PP,پلی پروپیلن گرید فیلم
919,HP545J JAM,https://wikiplast.ir/gradeprice/919,پلی پروپیلن جم (جم پیلن),پلی پروپیلن - PP,پلی پروپیلن گرید فیلم
783,RP120Ls Jam,https://wikiplast.ir/gradeprice/783,پلی پروپیلن جم (جم پیلن),پلی پروپیلن - PP,پلی پروپیلن گرید فیلم
293,HP525j jam,https://wikiplast.ir/gradeprice/293,پلی پروپیلن جم (جم پیلن),پلی پروپیلن - PP,پلی پروپیلن گرید فیلم
579,RP 120L-jam,https://wikiplast.ir/gradeprice/579,پلی پروپیلن جم (جم پیلن),پلی پروپیلن - PP,پلی پروپیلن گرید فیلم
965,XD-075 Tabriz,https://wikiplast.ir/gradeprice/965,تبریز,پلی پروپیلن - PP,پلی پروپیلن گرید فیلم
964,ED-012 Tabriz,https://wikiplast.ir/gradeprice/964,تبریز,پلی پروپیلن - PP,پلی پروپیلن گرید فیلم
860,HP 520H khomein,https://wikiplast.ir/gradeprice/860,دی آریا پلیمر,پلی پروپیلن - PP,پلی پروپیلن گرید فیلم
575,RG 3420 L-rejal,https://wikiplast.ir/gradeprice/575,رجال,پلی پروپیلن - PP,پلی پروپیلن گرید فیلم
368,1104K regal,https://wikiplast.ir/gradeprice/368,رجال,پلی پروپیلن - PP,پلی پروپیلن گرید فیلم
736,RP 210M Marun,https://wikiplast.ir/gradeprice/736,مارون,پلی پروپیلن - PP,پلی پروپیلن گرید فیلم
504,HP 525J maron,https://wikiplast.ir/gradeprice/504,مارون,پلی پروپیلن - PP,پلی پروپیلن گرید فیلم
269,ZH 525J navid,https://wikiplast.ir/gradeprice/269,نوید زرشیمی,پلی پروپیلن - PP,پلی پروپیلن گرید فیلم
743,RP 270G jam,https://wikiplast.ir/gradeprice/743,پلی پروپیلن جم (جم پیلن),پلی پروپیلن - PP,پلی پروپیلن پزشکی
576,ARP801 shazand,https://wikiplast.ir/gradeprice/576,شازند,پلی پروپیلن - PP,پلی پروپیلن پزشکی
486,V 30GA shazand,https://wikiplast.ir/gradeprice/486,شازند,پلی پروپیلن - PP,پلی پروپیلن پزشکی
297,Rp 270G shazand,https://wikiplast.ir/gradeprice/297,شازند,پلی پروپیلن - PP,پلی پروپیلن پزشکی
943,Rp 270G Marun,https://wikiplast.ir/gradeprice/943,مارون,پلی پروپیلن - PP,پلی پروپیلن پزشکی
729,7055 Petropak,https://wikiplast.ir/gradeprice/729,پتروپاک مشرق زمین,پلی استایرن - ( PS),پلی استایرن مقاوم - HIPS
586,6045petro-pak,https://wikiplast.ir/gradeprice/586,پتروپاک مشرق زمین,پلی استایرن - ( PS),پلی استایرن مقاوم - HIPS
814,4125 Petropak,https://wikiplast.ir/gradeprice/814,پتروپاک مشرق زمین,پلی استایرن - ( PS),پلی استایرن مقاوم - HIPS
55,HIPS 7240 tabriz,https://wikiplast.ir/gradeprice/55,تبریز,پلی استایرن - ( PS),پلی استایرن مقاوم - HIPS
952,HIPS 732 Dalahou,https://wikiplast.ir/gradeprice/952,کیمیا دالاهو,پلی استایرن - ( PS),پلی استایرن مقاوم - HIPS
482,4512Moheb Qom,https://wikiplast.ir/gradeprice/482,محب بسپار ایده گستر,پلی استایرن - ( PS),پلی استایرن مقاوم - HIPS
912,GPPS 0402 Artan-perto,https://wikiplast.ir/gradeprice/912,آرتان پترو کیهان,پلی استایرن - ( PS),پلی استایرن معمولی - GPPS
572,GPPS 1309 Artan-perto,https://wikiplast.ir/gradeprice/572,آرتان پترو کیهان,پلی استایرن - ( PS),پلی استایرن معمولی - GPPS
776,GPPS 1233 Petropak,https://wikiplast.ir/gradeprice/776,پتروپاک مشرق زمین,پلی استایرن - ( PS),پلی استایرن معمولی - GPPS
775,GPPS 1077 Petropak,https://wikiplast.ir/gradeprice/775,پتروپاک مشرق زمین,پلی استایرن - ( PS),پلی استایرن معمولی - GPPS
571,GPPS 1115 Petropak,https://wikiplast.ir/gradeprice/571,پتروپاک مشرق زمین,پلی استایرن - ( PS),پلی استایرن معمولی - GPPS
728,1028 Petropak,https://wikiplast.ir/gradeprice/728,پتروپاک مشرق زمین,پلی استایرن - ( PS),پلی استایرن معمولی - GPPS
56,GPPS 1540 tabriz,https://wikiplast.ir/gradeprice/56,تبریز,پلی استایرن - ( PS),پلی استایرن معمولی - GPPS
264,GPPS 1460 tabriz,https://wikiplast.ir/gradeprice/264,تبریز,پلی استایرن - ( PS),پلی استایرن معمولی - GPPS
511,1460FG tabriz,https://wikiplast.ir/gradeprice/511,تبریز,پلی استایرن - ( PS),پلی استایرن معمولی - GPPS
263,GPPS 1160-tabriz,https://wikiplast.ir/gradeprice/263,تبریز,پلی استایرن - ( PS),پلی استایرن معمولی - GPPS
186,1551 Takht-Jamshid,https://wikiplast.ir/gradeprice/186,تخت جمشید پارس,پلی استایرن - ( PS),پلی استایرن معمولی - GPPS
603,1161 Takht-Jamshid,https://wikiplast.ir/gradeprice/603,تخت جمشید پارس,پلی استایرن - ( PS),پلی استایرن معمولی - GPPS
604,Takht-Jamshid 1461,https://wikiplast.ir/gradeprice/604,تخت جمشید پارس,پلی استایرن - ( PS),پلی استایرن معمولی - GPPS
918,GPPS 3160 Padjam,https://wikiplast.ir/gradeprice/918,توسعه پلیمر پاد جم,پلی استایرن - ( PS),پلی استایرن معمولی - GPPS
722,14N eseen,https://wikiplast.ir/gradeprice/722,تولیدی پلاستیک ایسین,پلی استایرن - ( PS),پلی استایرن معمولی - GPPS
721,24N eseen Plastic,https://wikiplast.ir/gradeprice/721,تولیدی پلاستیک ایسین,پلی استایرن - ( PS),پلی استایرن معمولی - GPPS
595,32N eseen,https://wikiplast.ir/gradeprice/595,تولیدی پلاستیک ایسین,پلی استایرن - ( PS),پلی استایرن معمولی - GPPS
484,GP 26C,https://wikiplast.ir/gradeprice/484,طاهرسازان پیشتاز,پلی استایرن - ( PS),پلی استایرن معمولی - GPPS
485,GP 35,https://wikiplast.ir/gradeprice/485,طاهرسازان پیشتاز,پلی استایرن - ( PS),پلی استایرن معمولی - GPPS
951,GPPS 132 Dalahou,https://wikiplast.ir/gradeprice/951,کیمیا دالاهو,پلی استایرن - ( PS),پلی استایرن معمولی - GPPS
950,GPPS 232 Dalahou,https://wikiplast.ir/gradeprice/950,کیمیا دالاهو,پلی استایرن - ( PS),پلی استایرن معمولی - GPPS
945,(دالاهو) 324 GPPS,https://wikiplast.ir/gradeprice/945,کیمیا دالاهو,پلی استایرن - ( PS),پلی استایرن معمولی - GPPS
949,GPPS 241 Dalahou,https://wikiplast.ir/gradeprice/949,کیمیا دالاهو,پلی استایرن - ( PS),پلی استایرن معمولی - GPPS
956,(اصفهان) GPPS 324 Entekhab,https://wikiplast.ir/gradeprice/956,کیمیا صنایع پترو انتخاب اصفهان,پلی استایرن - ( PS),پلی استایرن معمولی - GPPS
955,(اصفهان) GPPS 241 Entekhab,https://wikiplast.ir/gradeprice/955,کیمیا صنایع پترو انتخاب اصفهان,پلی استایرن - ( PS),پلی استایرن معمولی - GPPS
954,(اصفهان) GPPS 232 Entekhab,https://wikiplast.ir/gradeprice/954,کیمیا صنایع پترو انتخاب اصفهان,پلی استایرن - ( PS),پلی استایرن معمولی - GPPS
953,(اصفهان) GPPS 132 Entekhab,https://wikiplast.ir/gradeprice/953,کیمیا صنایع پترو انتخاب اصفهان,پلی استایرن - ( PS),پلی استایرن معمولی - GPPS
889,GPPS 1109 Moheb baspar,https://wikiplast.ir/gradeprice/889,محب بسپار ایده گستر,پلی استایرن - ( PS),پلی استایرن معمولی - GPPS
911,GPPS 1105 Moheb baspar,https://wikiplast.ir/gradeprice/911,محب بسپار ایده گستر,پلی استایرن - ( PS),پلی استایرن معمولی - GPPS
435,MP08 Moheb Qom,https://wikiplast.ir/gradeprice/435,محب پلیمر قم,پلی استایرن - ( PS),پلی استایرن معمولی - GPPS
808,پلی استایرن انبساطی EP300M,https://wikiplast.ir/gradeprice/808,Diamond,پلی استایرن - ( PS),پلی استایرن انبساطی -  EPS
807,پلی استایرن انبساطی EP300L,https://wikiplast.ir/gradeprice/807,Diamond,پلی استایرن - ( PS),پلی استایرن انبساطی -  EPS
806,پلی استایرن انبساطی EP100M,https://wikiplast.ir/gradeprice/806,Diamond,پلی استایرن - ( PS),پلی استایرن انبساطی -  EPS
805,پلی استایرن انبساطی EP100S,https://wikiplast.ir/gradeprice/805,Diamond,پلی استایرن - ( PS),پلی استایرن انبساطی -  EPS
790,EPS100 varedati,https://wikiplast.ir/gradeprice/790,Pak Petrochemical Industries (Pvt.) Ltd,پلی استایرن - ( PS),پلی استایرن انبساطی -  EPS
789,EPS300 varedati,https://wikiplast.ir/gradeprice/789,Pak Petrochemical Industries (Pvt.) Ltd,پلی استایرن - ( PS),پلی استایرن انبساطی -  EPS
332,SE-5000 Baniar,https://wikiplast.ir/gradeprice/332,بانیار پلیمر گنبد,پلی استایرن - ( PS),پلی استایرن انبساطی -  EPS
239,SE-3000 Baniar,https://wikiplast.ir/gradeprice/239,بانیار پلیمر گنبد,پلی استایرن - ( PS),پلی استایرن انبساطی -  EPS
240,SE-4000 Baniar,https://wikiplast.ir/gradeprice/240,بانیار پلیمر گنبد,پلی استایرن - ( PS),پلی استایرن انبساطی -  EPS
471,SE-500 Baniar,https://wikiplast.ir/gradeprice/471,بانیار پلیمر گنبد,پلی استایرن - ( PS),پلی استایرن انبساطی -  EPS
819,PE-1000 Baniar,https://wikiplast.ir/gradeprice/819,بانیار پلیمر گنبد,پلی استایرن - ( PS),پلی استایرن انبساطی -  EPS
820,PE-2000 Baniar,https://wikiplast.ir/gradeprice/820,بانیار پلیمر گنبد,پلی استایرن - ( PS),پلی استایرن انبساطی -  EPS
946,PE-3000 Baniar,https://wikiplast.ir/gradeprice/946,بانیار پلیمر گنبد,پلی استایرن - ( PS),پلی استایرن انبساطی -  EPS
237,SE-1000 Baniar,https://wikiplast.ir/gradeprice/237,بانیار پلیمر گنبد,پلی استایرن - ( PS),پلی استایرن انبساطی -  EPS
238,SE-2000 Baniar,https://wikiplast.ir/gradeprice/238,بانیار پلیمر گنبد,پلی استایرن - ( PS),پلی استایرن انبساطی -  EPS
974,P301 Aras,https://wikiplast.ir/gradeprice/974,پاشا پلیمر ارس,پلی استایرن - ( PS),پلی استایرن انبساطی -  EPS
973,P201 Aras,https://wikiplast.ir/gradeprice/973,پاشا پلیمر ارس,پلی استایرن - ( PS),پلی استایرن انبساطی -  EPS
825,R50 Sahand,https://wikiplast.ir/gradeprice/825,پلی استایرن انبساطی سهند,پلی استایرن - ( PS),پلی استایرن انبساطی -  EPS
824,F450 Sahand,https://wikiplast.ir/gradeprice/824,پلی استایرن انبساطی سهند,پلی استایرن - ( PS),پلی استایرن انبساطی -  EPS
823,F250 Sahand,https://wikiplast.ir/gradeprice/823,پلی استایرن انبساطی سهند,پلی استایرن - ( PS),پلی استایرن انبساطی -  EPS
822,F50 Sahand,https://wikiplast.ir/gradeprice/822,پلی استایرن انبساطی سهند,پلی استایرن - ( PS),پلی استایرن انبساطی -  EPS
830,R450 Sahand,https://wikiplast.ir/gradeprice/830,پلی استایرن انبساطی سهند,پلی استایرن - ( PS),پلی استایرن انبساطی -  EPS
829,R350 Sahand,https://wikiplast.ir/gradeprice/829,پلی استایرن انبساطی سهند,پلی استایرن - ( PS),پلی استایرن انبساطی -  EPS
828,R250 Sahand,https://wikiplast.ir/gradeprice/828,پلی استایرن انبساطی سهند,پلی استایرن - ( PS),پلی استایرن انبساطی -  EPS
447,SE 100 Sahand,https://wikiplast.ir/gradeprice/447,پلی استایرن انبساطی سهند,پلی استایرن - ( PS),پلی استایرن انبساطی -  EPS
448,SE 150 Sahand,https://wikiplast.ir/gradeprice/448,پلی استایرن انبساطی سهند,پلی استایرن - ( PS),پلی استایرن انبساطی -  EPS
322,W500 Sahand,https://wikiplast.ir/gradeprice/322,پلی استایرن انبساطی سهند,پلی استایرن - ( PS),پلی استایرن انبساطی -  EPS
424,F350 Sahand,https://wikiplast.ir/gradeprice/424,پلی استایرن انبساطی سهند,پلی استایرن - ( PS),پلی استایرن انبساطی -  EPS
425,Fine Sahand,https://wikiplast.ir/gradeprice/425,پلی استایرن انبساطی سهند,پلی استایرن - ( PS),پلی استایرن انبساطی -  EPS
433,SE 250 Sahand,https://wikiplast.ir/gradeprice/433,پلی استایرن انبساطی سهند,پلی استایرن - ( PS),پلی استایرن انبساطی -  EPS
434,SE 350 Sahand,https://wikiplast.ir/gradeprice/434,پلی استایرن انبساطی سهند,پلی استایرن - ( PS),پلی استایرن انبساطی -  EPS
470,SE 50-Sahand,https://wikiplast.ir/gradeprice/470,پلی استایرن انبساطی سهند,پلی استایرن - ( PS),پلی استایرن انبساطی -  EPS
506,F100 Sahand,https://wikiplast.ir/gradeprice/506,پلی استایرن انبساطی سهند,پلی استایرن - ( PS),پلی استایرن انبساطی -  EPS
505,F150 Sahand,https://wikiplast.ir/gradeprice/505,پلی استایرن انبساطی سهند,پلی استایرن - ( PS),پلی استایرن انبساطی -  EPS
826,R100 Sahand,https://wikiplast.ir/gradeprice/826,پلی استایرن انبساطی سهند,پلی استایرن - ( PS),پلی استایرن انبساطی -  EPS
827,R150 Sahand,https://wikiplast.ir/gradeprice/827,پلی استایرن انبساطی سهند,پلی استایرن - ( PS),پلی استایرن انبساطی -  EPS
717,R400HD Entekhab,https://wikiplast.ir/gradeprice/717,پلی استایرن انتخاب,پلی استایرن - ( PS),پلی استایرن انبساطی -  EPS
714,F400HD Entekhab,https://wikiplast.ir/gradeprice/714,پلی استایرن انتخاب,پلی استایرن - ( PS),پلی استایرن انبساطی -  EPS
821,R100 Entekhab,https://wikiplast.ir/gradeprice/821,پلی استایرن انتخاب,پلی استایرن - ( PS),پلی استایرن انبساطی -  EPS
314,F100 Entekhab,https://wikiplast.ir/gradeprice/314,پلی استایرن انتخاب,پلی استایرن - ( PS),پلی استایرن انبساطی -  EPS
655,F105 Entekhab,https://wikiplast.ir/gradeprice/655,پلی استایرن انتخاب,پلی استایرن - ( PS),پلی استایرن انبساطی -  EPS
427,F200 Entekhab,https://wikiplast.ir/gradeprice/427,پلی استایرن انتخاب,پلی استایرن - ( PS),پلی استایرن انبساطی -  EPS
791,F205 Entekhab,https://wikiplast.ir/gradeprice/791,پلی استایرن انتخاب,پلی استایرن - ( PS),پلی استایرن انبساطی -  EPS
440,R310 Entekhab,https://wikiplast.ir/gradeprice/440,پلی استایرن انتخاب,پلی استایرن - ( PS),پلی استایرن انبساطی -  EPS
497,R220 Entekhab,https://wikiplast.ir/gradeprice/497,پلی استایرن انتخاب,پلی استایرن - ( PS),پلی استایرن انبساطی -  EPS
498,R320 Entekhab,https://wikiplast.ir/gradeprice/498,پلی استایرن انتخاب,پلی استایرن - ( PS),پلی استایرن انبساطی -  EPS
507,F405 Entekhab,https://wikiplast.ir/gradeprice/507,پلی استایرن انتخاب,پلی استایرن - ( PS),پلی استایرن انبساطی -  EPS
508,R420 Entekhab,https://wikiplast.ir/gradeprice/508,پلی استایرن انتخاب,پلی استایرن - ( PS),پلی استایرن انبساطی -  EPS
509,EPS Oversize Entekhab,https://wikiplast.ir/gradeprice/509,پلی استایرن انتخاب,پلی استایرن - ( PS),پلی استایرن انبساطی -  EPS
510,EPS Fine Entekhab,https://wikiplast.ir/gradeprice/510,پلی استایرن انتخاب,پلی استایرن - ( PS),پلی استایرن انبساطی -  EPS
521,R410 Entekhab,https://wikiplast.ir/gradeprice/521,پلی استایرن انتخاب,پلی استایرن - ( PS),پلی استایرن انبساطی -  EPS
658,F305 Entekhab,https://wikiplast.ir/gradeprice/658,پلی استایرن انتخاب,پلی استایرن - ( PS),پلی استایرن انبساطی -  EPS
670,F50 Entekhab,https://wikiplast.ir/gradeprice/670,پلی استایرن انتخاب,پلی استایرن - ( PS),پلی استایرن انبساطی -  EPS
441,R400 Entekhab,https://wikiplast.ir/gradeprice/441,پلی استایرن انتخاب,پلی استایرن - ( PS),پلی استایرن انبساطی -  EPS
443,F400 Entekhab,https://wikiplast.ir/gradeprice/443,پلی استایرن انتخاب,پلی استایرن - ( PS),پلی استایرن انبساطی -  EPS
439,R300 Entekhab,https://wikiplast.ir/gradeprice/439,پلی استایرن انتخاب,پلی استایرن - ( PS),پلی استایرن انبساطی -  EPS
442,F300 Entekhab,https://wikiplast.ir/gradeprice/442,پلی استایرن انتخاب,پلی استایرن - ( PS),پلی استایرن انبساطی -  EPS
710,F100HD Entekhab,https://wikiplast.ir/gradeprice/710,پلی استایرن انتخاب,پلی استایرن - ( PS),پلی استایرن انبساطی -  EPS
711,F200HD Entekhab,https://wikiplast.ir/gradeprice/711,پلی استایرن انتخاب,پلی استایرن - ( PS),پلی استایرن انبساطی -  EPS
712,F300HD Entekhab,https://wikiplast.ir/gradeprice/712,پلی استایرن انتخاب,پلی استایرن - ( PS),پلی استایرن انبساطی -  EPS
713,F305HD Entekhab,https://wikiplast.ir/gradeprice/713,پلی استایرن انتخاب,پلی استایرن - ( PS),پلی استایرن انبساطی -  EPS
715,R200HD Entekhab,https://wikiplast.ir/gradeprice/715,پلی استایرن انتخاب,پلی استایرن - ( PS),پلی استایرن انبساطی -  EPS
716,R310HD Entekhab,https://wikiplast.ir/gradeprice/716,پلی استایرن انتخاب,پلی استایرن - ( PS),پلی استایرن انبساطی -  EPS
738,R200 Entekhab,https://wikiplast.ir/gradeprice/738,پلی استایرن انتخاب,پلی استایرن - ( PS),پلی استایرن انبساطی -  EPS
727,FC522 Tabriz,https://wikiplast.ir/gradeprice/727,تبریز,پلی استایرن - ( PS),پلی استایرن انبساطی -  EPS
146,HS 221Tabriz,https://wikiplast.ir/gradeprice/146,تبریز,پلی استایرن - ( PS),پلی استایرن انبساطی -  EPS
147,HS 321Tabriz,https://wikiplast.ir/gradeprice/147,تبریز,پلی استایرن - ( PS),پلی استایرن انبساطی -  EPS
726,FC 422 Tabriz,https://wikiplast.ir/gradeprice/726,تبریز,پلی استایرن - ( PS),پلی استایرن انبساطی -  EPS
512,526WP Tabriz,https://wikiplast.ir/gradeprice/512,تبریز,پلی استایرن - ( PS),پلی استایرن انبساطی -  EPS
315,HS121 Tabriz,https://wikiplast.ir/gradeprice/315,تبریز,پلی استایرن - ( PS),پلی استایرن انبساطی -  EPS
262,HS521 Tabriz,https://wikiplast.ir/gradeprice/262,تبریز,پلی استایرن - ( PS),پلی استایرن انبساطی -  EPS
265,EPS (Uncoated SuperFine) Tabriz,https://wikiplast.ir/gradeprice/265,تبریز,پلی استایرن - ( PS),پلی استایرن انبساطی -  EPS
266,EPS (Uncoated Fine) Tabriz,https://wikiplast.ir/gradeprice/266,تبریز,پلی استایرن - ( PS),پلی استایرن انبساطی -  EPS
267,EPS (Coated Oversize) Tabriz,https://wikiplast.ir/gradeprice/267,تبریز,پلی استایرن - ( PS),پلی استایرن انبساطی -  EPS
148,HS421 Tabriz,https://wikiplast.ir/gradeprice/148,تبریز,پلی استایرن - ( PS),پلی استایرن انبساطی -  EPS
804,EPS یوروسل 200,https://wikiplast.ir/gradeprice/804,وارداتی ترکیه,پلی استایرن - ( PS),پلی استایرن انبساطی -  EPS
810,CFN300 ترکیه,https://wikiplast.ir/gradeprice/810,وارداتی ترکیه,پلی استایرن - ( PS),پلی استایرن انبساطی -  EPS
803,EPS یوروسل 300,https://wikiplast.ir/gradeprice/803,وارداتی ترکیه,پلی استایرن - ( PS),پلی استایرن انبساطی -  EPS
217,F100 Baniar,https://wikiplast.ir/gradeprice/217,بانیار پلیمر گنبد,پلی استایرن - ( PS),پلی استایرن نسوز
218,F200 Baniar,https://wikiplast.ir/gradeprice/218,بانیار پلیمر گنبد,پلی استایرن - ( PS),پلی استایرن نسوز
798,نخ پلی استر مشکی DDB250D48FAA,https://wikiplast.ir/gradeprice/798,الیاف سازان بهکوش,پلی اتیلن ترفتالات (PET),پلی اتیلن ترفتالات نساجی
865,DDB500D96FAA,https://wikiplast.ir/gradeprice/865,الیاف سازان بهکوش,پلی اتیلن ترفتالات (PET),پلی اتیلن ترفتالات نساجی
995,TG F42 Super Bright Zhejiang,https://wikiplast.ir/gradeprice/995,"Zhejiang Hengyi Petrochemicals Co., Ltd",پلی اتیلن ترفتالات (PET),پلی اتیلن ترفتالات نساجی
958,HY01 Zhejiang (China),https://wikiplast.ir/gradeprice/958,"Zhejiang Hengyi Petrochemicals Co., Ltd",پلی اتیلن ترفتالات (PET),پلی اتیلن ترفتالات نساجی
768,نخ پلی استر SD160D48FAA,https://wikiplast.ir/gradeprice/768,پشمینه کویر,پلی اتیلن ترفتالات (PET),پلی اتیلن ترفتالات نساجی
770,نخ پلی استر مشکی DDB250D48FAA,https://wikiplast.ir/gradeprice/770,پشمینه کویر,پلی اتیلن ترفتالات (PET),پلی اتیلن ترفتالات نساجی
765,نخ پلی استر مشکی DDB485D96FAA,https://wikiplast.ir/gradeprice/765,پشمینه کویر,پلی اتیلن ترفتالات (PET),پلی اتیلن ترفتالات نساجی
764,نخ پلی استر SD250D48FAA,https://wikiplast.ir/gradeprice/764,پشمینه کویر,پلی اتیلن ترفتالات (PET),پلی اتیلن ترفتالات نساجی
763,نخ پلی استر SD485D96FAA,https://wikiplast.ir/gradeprice/763,پشمینه کویر,پلی اتیلن ترفتالات (PET),پلی اتیلن ترفتالات نساجی
677,نخ پلی استر 96F560DTA,https://wikiplast.ir/gradeprice/677,پلی اکریل ایران,پلی اتیلن ترفتالات (PET),پلی اتیلن ترفتالات نساجی
678,نخ پلی استر 48F180DTA,https://wikiplast.ir/gradeprice/678,پلی اکریل ایران,پلی اتیلن ترفتالات (PET),پلی اتیلن ترفتالات نساجی
680,نخ پلی استر 48F280DTA,https://wikiplast.ir/gradeprice/680,پلی اکریل ایران,پلی اتیلن ترفتالات (PET),پلی اتیلن ترفتالات نساجی
684,نخ پلی استر 48F180DTB,https://wikiplast.ir/gradeprice/684,پلی اکریل ایران,پلی اتیلن ترفتالات (PET),پلی اتیلن ترفتالات نساجی
685,نخ پلی استر 48F180DTC,https://wikiplast.ir/gradeprice/685,پلی اکریل ایران,پلی اتیلن ترفتالات (PET),پلی اتیلن ترفتالات نساجی
686,نخ پلی استر 48F280DTB,https://wikiplast.ir/gradeprice/686,پلی اکریل ایران,پلی اتیلن ترفتالات (PET),پلی اتیلن ترفتالات نساجی
687,نخ پلی استر 48F280DTC,https://wikiplast.ir/gradeprice/687,پلی اکریل ایران,پلی اتیلن ترفتالات (PET),پلی اتیلن ترفتالات نساجی
688,نخ پلی استر 96F560DTB,https://wikiplast.ir/gradeprice/688,پلی اکریل ایران,پلی اتیلن ترفتالات (PET),پلی اتیلن ترفتالات نساجی
689,نخ پلی استر 96F560DTC,https://wikiplast.ir/gradeprice/689,پلی اکریل ایران,پلی اتیلن ترفتالات (PET),پلی اتیلن ترفتالات نساجی
771,HY01,https://wikiplast.ir/gradeprice/771,تندگویان,پلی اتیلن ترفتالات (PET),پلی اتیلن ترفتالات نساجی
553,TG 620N,https://wikiplast.ir/gradeprice/553,تندگویان,پلی اتیلن ترفتالات (PET),پلی اتیلن ترفتالات نساجی
554,TG 620S,https://wikiplast.ir/gradeprice/554,تندگویان,پلی اتیلن ترفتالات (PET),پلی اتیلن ترفتالات نساجی
555,TG 620SB N,https://wikiplast.ir/gradeprice/555,تندگویان,پلی اتیلن ترفتالات (PET),پلی اتیلن ترفتالات نساجی
560,TG 640MOD S,https://wikiplast.ir/gradeprice/560,تندگویان,پلی اتیلن ترفتالات (PET),پلی اتیلن ترفتالات نساجی
556,TG 620SB S,https://wikiplast.ir/gradeprice/556,تندگویان,پلی اتیلن ترفتالات (PET),پلی اتیلن ترفتالات نساجی
561,TG 640MOD-SB N,https://wikiplast.ir/gradeprice/561,تندگویان,پلی اتیلن ترفتالات (PET),پلی اتیلن ترفتالات نساجی
559,TG 640MOD N,https://wikiplast.ir/gradeprice/559,تندگویان,پلی اتیلن ترفتالات (PET),پلی اتیلن ترفتالات نساجی
562,TG 640MOD-SB S,https://wikiplast.ir/gradeprice/562,تندگویان,پلی اتیلن ترفتالات (PET),پلی اتیلن ترفتالات نساجی
563,TG 640HB N,https://wikiplast.ir/gradeprice/563,تندگویان,پلی اتیلن ترفتالات (PET),پلی اتیلن ترفتالات نساجی
564,TG 640HB S,https://wikiplast.ir/gradeprice/564,تندگویان,پلی اتیلن ترفتالات (PET),پلی اتیلن ترفتالات نساجی
565,TG 640SB N Super Bright Tondgooyan,https://wikiplast.ir/gradeprice/565,تندگویان,پلی اتیلن ترفتالات (PET),پلی اتیلن ترفتالات نساجی
566,TG 640SB S Super Bright Tondgooyan,https://wikiplast.ir/gradeprice/566,تندگویان,پلی اتیلن ترفتالات (PET),پلی اتیلن ترفتالات نساجی
656,TG 670S,https://wikiplast.ir/gradeprice/656,تندگویان,پلی اتیلن ترفتالات (PET),پلی اتیلن ترفتالات نساجی
672,نخ پلی استر 160D48FA,https://wikiplast.ir/gradeprice/672,تندگویان,پلی اتیلن ترفتالات (PET),پلی اتیلن ترفتالات نساجی
673,نخ پلی استر 250D48FA,https://wikiplast.ir/gradeprice/673,تندگویان,پلی اتیلن ترفتالات (PET),پلی اتیلن ترفتالات نساجی
674,نخ پلی استر 500D96FA,https://wikiplast.ir/gradeprice/674,تندگویان,پلی اتیلن ترفتالات (PET),پلی اتیلن ترفتالات نساجی
675,نخ پلی استر 160D48FB,https://wikiplast.ir/gradeprice/675,تندگویان,پلی اتیلن ترفتالات (PET),پلی اتیلن ترفتالات نساجی
676,نخ پلی استر 250D48Fb,https://wikiplast.ir/gradeprice/676,تندگویان,پلی اتیلن ترفتالات (PET),پلی اتیلن ترفتالات نساجی
681,250D48FC,https://wikiplast.ir/gradeprice/681,تندگویان,پلی اتیلن ترفتالات (PET),پلی اتیلن ترفتالات نساجی
682,نخ پلی استر 160D48FC,https://wikiplast.ir/gradeprice/682,تندگویان,پلی اتیلن ترفتالات (PET),پلی اتیلن ترفتالات نساجی
683,نخ پلی استر 500D96FB,https://wikiplast.ir/gradeprice/683,تندگویان,پلی اتیلن ترفتالات (PET),پلی اتیلن ترفتالات نساجی
691,نخ پلی استر گرید WP12,https://wikiplast.ir/gradeprice/691,تندگویان,پلی اتیلن ترفتالات (PET),پلی اتیلن ترفتالات نساجی
692,نخ پلی استر گرید D,https://wikiplast.ir/gradeprice/692,تندگویان,پلی اتیلن ترفتالات (PET),پلی اتیلن ترفتالات نساجی
693,نخ پلی استر 500D96FC,https://wikiplast.ir/gradeprice/693,تندگویان,پلی اتیلن ترفتالات (PET),پلی اتیلن ترفتالات نساجی
324,LUMP 1,https://wikiplast.ir/gradeprice/324,تندگویان,پلی اتیلن ترفتالات (PET),پلی اتیلن ترفتالات نساجی
305,Super Bright- TG641,https://wikiplast.ir/gradeprice/305,تندگویان,پلی اتیلن ترفتالات (PET),پلی اتیلن ترفتالات نساجی
306,TG641 (640S),https://wikiplast.ir/gradeprice/306,تندگویان,پلی اتیلن ترفتالات (PET),پلی اتیلن ترفتالات نساجی
420,PET N,https://wikiplast.ir/gradeprice/420,تندگویان,پلی اتیلن ترفتالات (PET),پلی اتیلن ترفتالات نساجی
421,PET S,https://wikiplast.ir/gradeprice/421,تندگویان,پلی اتیلن ترفتالات (PET),پلی اتیلن ترفتالات نساجی
307,TG641 MOD,https://wikiplast.ir/gradeprice/307,تندگویان,پلی اتیلن ترفتالات (PET),پلی اتیلن ترفتالات نساجی
474,TG 641 Hombright,https://wikiplast.ir/gradeprice/474,تندگویان,پلی اتیلن ترفتالات (PET),پلی اتیلن ترفتالات نساجی
308,TG645 (640N),https://wikiplast.ir/gradeprice/308,تندگویان,پلی اتیلن ترفتالات (PET),پلی اتیلن ترفتالات نساجی
319,Super Bright TG645,https://wikiplast.ir/gradeprice/319,تندگویان,پلی اتیلن ترفتالات (PET),پلی اتیلن ترفتالات نساجی
436,TG 645 MOD,https://wikiplast.ir/gradeprice/436,تندگویان,پلی اتیلن ترفتالات (PET),پلی اتیلن ترفتالات نساجی
796,نخ پلی استر مشکی DDB130D36FAA,https://wikiplast.ir/gradeprice/796,تولیدی سیرنگ,پلی اتیلن ترفتالات (PET),پلی اتیلن ترفتالات نساجی
795,نخ پلی استر مشکی DDB180D36FAA,https://wikiplast.ir/gradeprice/795,تولیدی سیرنگ,پلی اتیلن ترفتالات (PET),پلی اتیلن ترفتالات نساجی
788,نخ پلی استر DDB280D48FAA,https://wikiplast.ir/gradeprice/788,تولیدی سیرنگ,پلی اتیلن ترفتالات (PET),پلی اتیلن ترفتالات نساجی
885,نخ پلی استر 144F550DTA,https://wikiplast.ir/gradeprice/885,تولیدی سیرنگ,پلی اتیلن ترفتالات (PET),پلی اتیلن ترفتالات نساجی
884,نخ پلی استر 288F550DTA,https://wikiplast.ir/gradeprice/884,تولیدی سیرنگ,پلی اتیلن ترفتالات (PET),پلی اتیلن ترفتالات نساجی
874,نخ پلی استر 250D48FA,https://wikiplast.ir/gradeprice/874,تولیدی سیرنگ,پلی اتیلن ترفتالات (PET),پلی اتیلن ترفتالات نساجی
867,نخ پلی استر 160D48FA,https://wikiplast.ir/gradeprice/867,تولیدی سیرنگ,پلی اتیلن ترفتالات (PET),پلی اتیلن ترفتالات نساجی
866,نخ پلی استر 500D96FA,https://wikiplast.ir/gradeprice/866,تولیدی سیرنگ,پلی اتیلن ترفتالات (PET),پلی اتیلن ترفتالات نساجی
817,نخ پلی استر مشکی DDB550D96FAA,https://wikiplast.ir/gradeprice/817,تولیدی سیرنگ,پلی اتیلن ترفتالات (PET),پلی اتیلن ترفتالات نساجی
844,نخ پلی استر SD250D48FAA,https://wikiplast.ir/gradeprice/844,قیام نخ,پلی اتیلن ترفتالات (PET),پلی اتیلن ترفتالات نساجی
839,نخ پلی استر SD160D48FAA,https://wikiplast.ir/gradeprice/839,قیام نخ,پلی اتیلن ترفتالات (PET),پلی اتیلن ترفتالات نساجی
838,نخ پلی استر مشکی DDB250D48FAA,https://wikiplast.ir/gradeprice/838,قیام نخ,پلی اتیلن ترفتالات (PET),پلی اتیلن ترفتالات نساجی
893,نخ پلی استر سفید 500D96SD,https://wikiplast.ir/gradeprice/893,قیام نخ,پلی اتیلن ترفتالات (PET),پلی اتیلن ترفتالات نساجی
853,نخ پلی استر SD485D96FAA,https://wikiplast.ir/gradeprice/853,قیام نخ,پلی اتیلن ترفتالات (PET),پلی اتیلن ترفتالات نساجی
708,نخ پلی استر مشکی DDB250D48FAA,https://wikiplast.ir/gradeprice/708,هشت بهشت کیش,پلی اتیلن ترفتالات (PET),پلی اتیلن ترفتالات نساجی
707,نخ پلی استر SD485D96FAA,https://wikiplast.ir/gradeprice/707,هشت بهشت کیش,پلی اتیلن ترفتالات (PET),پلی اتیلن ترفتالات نساجی
706,نخ پلی استر SD250D48FAA,https://wikiplast.ir/gradeprice/706,هشت بهشت کیش,پلی اتیلن ترفتالات (PET),پلی اتیلن ترفتالات نساجی
881,نخ پلی استر سفید 500D96SD,https://wikiplast.ir/gradeprice/881,هشت بهشت کیش,پلی اتیلن ترفتالات (PET),پلی اتیلن ترفتالات نساجی
731,SD160D144FAA,https://wikiplast.ir/gradeprice/731,هشت بهشت کیش,پلی اتیلن ترفتالات (PET),پلی اتیلن ترفتالات نساجی
720,نخ پلی استر SD160D48FAA,https://wikiplast.ir/gradeprice/720,هشت بهشت کیش,پلی اتیلن ترفتالات (PET),پلی اتیلن ترفتالات نساجی
709,نخ پلی استر مشکی DDB485D96FAA,https://wikiplast.ir/gradeprice/709,هشت بهشت کیش,پلی اتیلن ترفتالات (PET),پلی اتیلن ترفتالات نساجی
569,FG 640 S,https://wikiplast.ir/gradeprice/569,تندگویان,پلی اتیلن ترفتالات (PET),پلی اتیلن ترفتالات فیلم
570,FG 640 N,https://wikiplast.ir/gradeprice/570,تندگویان,پلی اتیلن ترفتالات (PET),پلی اتیلن ترفتالات فیلم
320,FG 641,https://wikiplast.ir/gradeprice/320,تندگویان,پلی اتیلن ترفتالات (PET),پلی اتیلن ترفتالات فیلم
929,EPVC 7544 L Arvand,https://wikiplast.ir/gradeprice/929,اروند,پی وی سی - ( PVC),EPVC
928,EPVC 7544 H Arvand,https://wikiplast.ir/gradeprice/928,اروند,پی وی سی - ( PVC),EPVC
927,EPVC 7244 L Arvand,https://wikiplast.ir/gradeprice/927,اروند,پی وی سی - ( PVC),EPVC
926,EPVC 7244 H Arvand,https://wikiplast.ir/gradeprice/926,اروند,پی وی سی - ( PVC),EPVC
925,E7544M Arvand,https://wikiplast.ir/gradeprice/925,اروند,پی وی سی - ( PVC),EPVC
924,E7244M Arvand,https://wikiplast.ir/gradeprice/924,اروند,پی وی سی - ( PVC),EPVC
935,E60 Arvand,https://wikiplast.ir/gradeprice/935,اروند,پی وی سی - ( PVC),EPVC
327,E 7242 Arvand,https://wikiplast.ir/gradeprice/327,اروند,پی وی سی - ( PVC),EPVC
329,E 6644-Arvand,https://wikiplast.ir/gradeprice/329,اروند,پی وی سی - ( PVC),EPVC
330,E 7044 Arvand,https://wikiplast.ir/gradeprice/330,اروند,پی وی سی - ( PVC),EPVC
229,E6834 Arvand,https://wikiplast.ir/gradeprice/229,اروند,پی وی سی - ( PVC),EPVC
