title,url,thumbnail,date
بازار عرضه‌ها را بلعید/ تقاضا به سقف سال رسید,https://wikiplast.ir/news/27276/گزارش-بازار-محصولات-پتروشیمی,/images/news/smallphoto/small-5766-1759-3208-Bource_kala_Hall.jpg,۱ مرداد ۱۴۰۵
ایستگاه هشتم رکود صنعت,https://wikiplast.ir/news/27275/ایستگاه-هشتم-رکود-صنعت-,/images/news/smallphoto/small-1723-sanaat.jpg,۱ مرداد ۱۴۰۵
بازگشت ریسک به بازارها,https://wikiplast.ir/news/27274/بازگشت-ریسک-به-بازارها-,/images/news/smallphoto/small-1436-tala&arz.jpg,۱ مرداد ۱۴۰۵
نسخه جدید ارزی برای تولید,https://wikiplast.ir/news/27273/نسخه-جدید-ارزی-برای-تولید-,/images/news/smallphoto/small-1083-arz-wikiplast.jpg,۱ مرداد ۱۴۰۵
چشم‌انداز بازارها تا پایان سال,https://wikiplast.ir/news/27272/چشم-انداز-بازارها-تا-پایان-سال-,/images/news/smallphoto/small-2989-expert.jpg,۱ مرداد ۱۴۰۵
رادیو ویکی پلاست | بسته چهار‌شنبه 31 تیر 1405 / شماره 1474,https://wikiplast.ir/news/27271/رادیو-ویکی-پلاست-|-بسته-چهار-شنبه-31-تیر-1405--شماره-1474,/images/news/smallphoto/small-4593-radio-wikiplast-14050431.jpg,۳۱ تير ۱۴۰۵
رکوردداران رقابت در بورس کالا؛ چهارشنبه 31 تیر 1405,https://wikiplast.ir/news/27270/رکوردداران-رقابت-در-بورس-کالا؛-چهارشنبه-31-تیر-1405,/images/news/smallphoto/small-2490-4596-7280-nemodar.jpg,۳۱ تير ۱۴۰۵
100 درصد عرضه های ترفتالات بطری معامله شد,https://wikiplast.ir/news/27269/تحلیل-ترفتالات-بطری,/images/news/smallphoto/small-2481-petbotri-981018-wikiplast.jpg,۳۱ تير ۱۴۰۵
98.1 درصد عرضه های سنگین بادی معامله شد,https://wikiplast.ir/news/27268/تحلیل-سنگین-بادی,/images/news/smallphoto/small-5-badi9-990709-wikiplast.JPG,۳۱ تير ۱۴۰۵
100 درصد عرضه های سنگین فیلم معامله شد,https://wikiplast.ir/news/27267/تحلیل-سنگین-فیلم,/images/news/smallphoto/small-4118-sanginfilm-981018-wikiplast.jpg,۳۱ تير ۱۴۰۵
89.7 درصد عرضه های سنگین اکستروژن معامله شد,https://wikiplast.ir/news/27266/تحلیل-هفتگی-سنگین-اکستروژن,/images/news/smallphoto/small-5153-exterozen-981018-wikiplast.jpg,۳۱ تير ۱۴۰۵
75.6 درصد عرضه های سنگین تزریقی معامله شد,https://wikiplast.ir/news/27265/تحلیل-سنگین-تزریقی,/images/news/smallphoto/small-1499-8940-pvc1-981219-wikiplast.jpg,۳۱ تير ۱۴۰۵
مشاوره تخصصی فیلم‌های پلیمری,https://wikiplast.ir/news/23768/مشاوره-تخصصی-فیلم-های-پلیمری،-نایلون،-نایلکس،-استرچ-و-شرینک,/images/news/5739-film.jpg,
دو اتیل هگزانول (2EH) چیست؟ + قیمت,https://wikiplast.ir/article/20724/2-ethylhexanol--(2EH),/images/news/59-2-ethylhexanol.jpg,
کامپاند صادراتی پلیمری,https://wikiplast.ir/article/19749/کامپاند-صادراتی-پلیمری,/images/news/2120-COMPOUND-POLYMER-wikiplast.jpg,
آشنایی با انواع گریدهای گرانول پی وی سی (PVC) و کاربردهای آن,https://wikiplast.ir/article/11889/pvc-granule,/images/news/9677-granule-pvc.jpg,
ترکیب مواد اولیه نایلکس + سؤالات متداول,https://wikiplast.ir/article/4581/ترکیب-مواد-اولیه-نایلکس-سؤالات-متداول,/images/news/6684-1.jpg,
نایلون استرچ پالت چیست؟ انواع استرچ پالت بند و کاربردهای آن,https://wikiplast.ir/article/3924/نایلون-استرچ-پالت,/images/news/1469-نایلون-استرچ-پالت.jpg,
گرانول چیست؟ مقاله جامع آشنایی با انواع گرانول و ویژگی‌های آن,https://wikiplast.ir/article/712/گرانول-چیست,/images/news/8297-polymer-granule-wikiplast.jpg,
دستگاه تزریق پلاستیک چیست؟ آشنایی با انواع دستگاه ها، اجزا و کاربردها,https://wikiplast.ir/article/424/دستگاه-تزریق-پلاستیک-چیست,/images/news/9341-tazrigh-pelastic.JPG,
مستربچ 18-818 طوسی,https://wikiplast.ir/products/2090/مستربچ-18-818-طوسی,/images/products/smallphoto/small-2530-1657950174.jpg,کربی پلیمر  - دفتر سپیدار649
لیوان 400 سی سی,https://wikiplast.ir/products/48/لیوان-400-سی-سی,/images/products/smallphoto/small-6624-1547282424.jpg,صنایع پلاستیک سپهر7056
مستربچ سبز مردابی 50140 بهسا پلیمر_مستربچ رنگی,https://wikiplast.ir/products/592/مستربچ-سبز-مردابی-50140-بهسا-پلیمر_مستربچ-رنگی,/images/products/smallphoto/small-5182-1571902702.jpg,بهسا پلیمر پارس6276
باکس لولایی 750 سی سی - کد 6154,https://wikiplast.ir/products/497/باکس-لولایی-750-سی-سی---کد-6154,/images/products/smallphoto/small-7887-1570518399.jpg,صنایع پلاستیک خوزستان2258
مستربچ نقره ای متالیک - کد 3000,https://wikiplast.ir/products/1426/مستربچ-نقره-ای-متالیک---کد-3000,/images/products/smallphoto/small-1442-1614769587.png,کربی پلیمر - هستی کالر2478
خریدسبد مدل 912 یا سبد 2 رج مخصوص سیب,https://wikiplast.ir/products/1191/خریدسبد-مدل-912-یا-سبد-2-رج-مخصوص-سیب-,/images/products/smallphoto/small-1711-1610388296.jpg,ری پلاستیک5063
بشقاب هگزا,https://wikiplast.ir/products/84/بشقاب-هگزا,/images/products/smallphoto/small-5024-1547378695.jpg,گروه صنعتی دانش بنیان طب پلاستیک1837
درب مستطيلي دهانه 130*90 pt شفاف 5 گرمي,https://wikiplast.ir/products/607/درب-مستطيلي-دهانه-130*90-pt-شفاف-5-گرمي-,/images/products/smallphoto/small-6719-1573385675.jpg,لبن ظرف الوند1593
بطری 350 سی سی طرح آراد خویدک,https://wikiplast.ir/products/4188/بطری-350-سی-سی-طرح-آراد-خویدک,/images/products/smallphoto/small-568-1760188751.jpg,پیشرو پلاستیک خویدک108
اعلام قیمت پایه محصولات پتروشیمی تا 4 مرداد 1405 + دانلود قیمت ها,https://wikiplast.ir/news/27235/اعلام-قیمت-پایه-محصولات-پتروشیمی-تا-4-مرداد-1405--دانلود-قیمت-ها,,
ردیابی اثر پرتابه‌ها بر بازار مواد پلیمری/ رکورد بالاترین معاملات سال,https://wikiplast.ir/news/27218/گزارش-بازار-محصولات-پتروشیمی,,
پنج سیگنال مهم برای قیمت‌های پایه فردا؛ بازار مواد پلیمری در انتظار یکشنبه,https://wikiplast.ir/news/27223/پنج-سیگنال-مهم-برای-قیمت-های-پایه-فردا؛-بازار-مواد-پلیمری-در-انتظار-یکشنبه,,
بخریم یا بفروشیم؟ بررسی سه عامل تعیین‌کننده بازار پلیمرها,https://wikiplast.ir/news/27205/بررسی-بازار-محصولات-پلیمرها-در-ایران,,
رکوردداران رقابت در بورس کالا؛ دوشنبه 29 تیر 1405,https://wikiplast.ir/news/27244/رکوردداران-رقابت-در-بورس-کالا؛-دوشنبه-29-تیر-1405,,
مستربچ چیست؟,https://wikiplast.ir/article/183/what-is-masterbatch,,
اکسترودر چیست؟,https://wikiplast.ir/article/7157/اکسترودر-چیست,,
64 درصد عرضه های سبک فیلم معامله شد,https://wikiplast.ir/news/27264/تحلیل-هفتگی-سبک-فیلم,/images/news/smallphoto/small-3176-sabokfilm-981018-wikiplast.jpg,۳۱ تير ۱۴۰۵
100 درصد عرضه های سبک خطی معامله شد,https://wikiplast.ir/news/27263/تحلیل-هفتگی-سبک-خطی,/images/news/smallphoto/small-5911-sabokkhati-981018-wikiplast.jpg,۳۱ تير ۱۴۰۵
باب‌المندب؛ کابوس‌جدید بازار نفت؟,https://wikiplast.ir/news/27262/باب-المندب؛-کابوس-جدید-بازار-نفت؟-,/images/news/smallphoto/small-6186-babolmandab.jpg,۳۱ تير ۱۴۰۵
رقابت آتش و دیپلماسی,https://wikiplast.ir/news/27261/رقابت-آتش-و-دیپلماسی-,/images/news/smallphoto/small-9886-mozakere.jpg,۳۱ تير ۱۴۰۵
دلار در دوربرگردان,https://wikiplast.ir/news/27260/دلار-در-دوربرگردان-,/images/news/smallphoto/small-1196-dollar.jpg,۳۱ تير ۱۴۰۵
رادیو ویکی پلاست | بسته سه‌شنبه 30 تیر 1405 / شماره 1473,https://wikiplast.ir/news/27259/رادیو-ویکی-پلاست-|-بسته-سه-شنبه-30-تیر-1405--شماره-1473,/images/news/smallphoto/small-2004-radio-wikiplast-14050430.jpg,۳۰ تير ۱۴۰۵
100 درصد عرضه های پلی استایرن مقاوم معامله شد,https://wikiplast.ir/news/27258/تحلیل-هفتگی-پلی-استایرن-مقاوم,/images/news/smallphoto/small-5253-HIPS-granule.jpg,۳۱ تير ۱۴۰۵
92.6 درصد عرضه های پلی استایرن معمولی معامله شد,https://wikiplast.ir/news/27257/تحلیل-پلی-استایرن-معمولی,/images/news/smallphoto/small-7882-mamoli-000326-wikiplast.jpg,۳۱ تير ۱۴۰۵
100 درصد عرضه های پ پ شیمیایی معامله شد,https://wikiplast.ir/news/27256/تحلیل-هفتگی-پ-پ-شیمیایی,/images/news/smallphoto/small-1821-petroshimi.jpg,۳۱ تير ۱۴۰۵
100 درصد عرضه های پ پ نساجی معامله شد,https://wikiplast.ir/news/27255/تحلیل-هفتگی-پ-پ-نساجی,/images/news/smallphoto/small-6484-ppnasaji-981017-wikiplast.jpg,۳۱ تير ۱۴۰۵
100 درصد عرضه های PVC معامله شد,https://wikiplast.ir/news/27254/تحلیل-هفتگی-پی-وی-سی,/images/news/smallphoto/small-1499-8940-pvc1-981219-wikiplast.jpg,۳۱ تير ۱۴۰۵
88.4 درصد عرضه ها معامله شد/ آمار معاملات محصولات پتروشیمی؛ سه‌شنبه 30 تیر 1405,https://wikiplast.ir/news/27253/88.4-درصد-عرضه-ها-معامله-شد-آمار-معاملات-محصولات-پتروشیمی؛-سه-شنبه-30-تیر-1405,/images/news/smallphoto/small-3060-1100-bourskalaaa.jpg,۳۰ تير ۱۴۰۵
