company_id,company_name,company_url,grade_count,grades
1,پتروشیمی آبادان,https://wikiplast.ir/petros/1/پتروشیمی-آبادان,4,PVC S65 Abadan (113); PVC S70 Abadan (115); PVC S57 Abadan (116); PVC S60 Abadan (454)
61,پتروشیمی آرتان پترو کیهان,https://wikiplast.ir/petros/61/پتروشیمی-آرتان-پترو-کیهان,2,GPPS 0402 Artan-perto (912); GPPS 1309 Artan-perto (572)
15,پتروشیمی آریا ساسول,https://wikiplast.ir/petros/15/پتروشیمی-آریا-ساسول,20,HBM 4261 Arya (992); LEC1969 arya (883); LFI 2185 A Arya (792); HBM 5510 Arya (705); HBM 5020 Arya (232); HBM 5520 Arya (906); 4265Aira (659); 5110 Arya (27); 5110HF Arya (862); 3713 arya (28); HCH 5110 UV arya (438); HCH 5110PPA arya (313); LF 190 Arya - 2119 (37); LFI 2130 Arya (584); LFI 2047A Arya (585); LFI2125A Arya (624); LH0030 Arya (230); LP0470KJ Arya (231); 1922T Arya (175); HEX 4460 (PE80) Aria Sasoul (645)
110,پتروشیمی ارغوان گستر ایلام,https://wikiplast.ir/petros/110/پتروشیمی-ارغوان-گستر-ایلام,6,HP500N Arghavan Ilam (977); HP550J Arghavan Ilam (981); HP500k Arghavan Ilam (984); HP520H Arghavan Ilam (985); HP500M Arghavan Ilam (978); HP 510L Arghavan Ilam (972)
4,پتروشیمی اروند,https://wikiplast.ir/petros/4/پتروشیمی-اروند,16,E60 Arvand (935); E7244M Arvand (924); E7544M Arvand (925); EPVC 7244 H Arvand (926); EPVC 7244 L Arvand (927); EPVC 7544 H Arvand (928); EPVC 7544 L Arvand (929); S5831 Arvand (937); S60 Arvand (938); PVC S65 Arvand (111); E 7242 Arvand (327); E 7244 Arvand (328); E 6644-Arvand (329); E 7044 Arvand (330); E6834 Arvand (229); PVC S7042 Arvand (233)
12,پتروشیمی امیرکبیر,https://wikiplast.ir/petros/12/پتروشیمی-امیرکبیر,15,Bl3 Amirkabir (573); EX5 AmirKabir (108); 2420h Amir (48); 2420d Amir (49); 2420K Amir (331); 2420F Amir (234); I4 Amir (704); 209Amir (36); LLD 209 KJ Amir (457); 0205AA Amirkabir (697); EX3 AmirKabir (100); EX6B (CRP 100 Amir) (578); EX6N Amir (577); EX3G Amirkabir (615); CRP100-G (620)
14,پتروشیمی ایلام,https://wikiplast.ir/petros/14/پتروشیمی-ایلام,13,F7000 LMP Ilam (854); 7700M LMP Ilam (841); F7000 Ilam (26); 7700F Ilam (910); 2208 ilam (574); 2200Ilam (125); PE80 ilam (279); EX3 Ilam (489); 7700M Ilam (478); 7700MB Ilam (907); 8200 B ilam (236); LMP ilam (446); 6366M ilam (235)
101,پتروشیمی Hyosung Topilene,https://wikiplast.ir/petros/101/پتروشیمی-Hyosung-Topilene,1,Hyosung Topilene R200P (876)
102,پتروشیمی Ismail Resin Limited,https://wikiplast.ir/petros/102/پتروشیمی-Ismail-Resin-Limited,1,IR84 Ismail Resin Limited (898)
112,پتروشیمی KOKSAN PET VE PLASTIK AMBALAJ SANAYI VE TICARET A.S,https://wikiplast.ir/petros/112/پتروشیمی-KOKSAN-PET-VE-PLASTIK-AMBALAJ-SANAYI-VE-TICARET-A.S,2,PET- KOK084 (975); PET-K076 (986)
115,پتروشیمی Navoiyazot,https://wikiplast.ir/petros/115/پتروشیمی-Navoiyazot,1,PVC 6346 Uzbekistan (989)
103,پتروشیمی Reliance Industries Limited - هند,https://wikiplast.ir/petros/103/پتروشیمی-Reliance-Industries-Limited---هند-,2,هند PET-BGG584 (903); هند PET-BGG5-761 (904)
114,پتروشیمی SHINTECH,https://wikiplast.ir/petros/114/پتروشیمی-SHINTECH,2,PVC SE-950 SHINTECH (994); PVC K67-USA (988)
109,"پتروشیمی Zhejiang Hengyi Petrochemicals Co., Ltd","https://wikiplast.ir/petros/109/پتروشیمی-Zhejiang-Hengyi-Petrochemicals-Co.,-Ltd",2,TG F42 Super Bright Zhejiang (995); HY01 Zhejiang (China) (958)
113,پتروشیمی ZhengZhou,https://wikiplast.ir/petros/113/پتروشیمی-ZhengZhou,1,PVC SG5 China (987)
30,پتروشیمی بانیار پلیمر گنبد,https://wikiplast.ir/petros/30/پتروشیمی-بانیار-پلیمر-گنبد,11,SE-5000 Baniar (332); SE-3000 Baniar (239); SE-4000 Baniar (240); SE-500 Baniar (471); F100 Baniar (217); F200 Baniar (218); PE-1000 Baniar (819); PE-2000 Baniar (820); PE-3000 Baniar (946); SE-1000 Baniar (237); SE-2000 Baniar (238)
7,پتروشیمی بندرامام,https://wikiplast.ir/petros/7/پتروشیمی-بندرامام,15,Bandar emam 0035 LMP (852); F7000 Bandar (944); F7000 LMP Bandar (960); 0035Bandar (29); 0075Bandar (59); 020Bandar (78); Hi500 Bandar (81); HI0500UA Bandar (248); EX3 Bandar (109); PVC S65 Bandar (58); PVC S70 Bandar (86); PVC S60 Bandar (128); SBR-1712 Bandar (245); SBR-1502 Bandar بندر امام (246); SBR-1500 Bandar بندرامام (247)
111,پتروشیمی پاشا پلیمر ارس,https://wikiplast.ir/petros/111/پتروشیمی-پاشا-پلیمر-ارس,2,P201 Aras (973); P301 Aras (974)
60,پتروشیمی پتروپاک مشرق زمین,https://wikiplast.ir/petros/60/پتروشیمی-پتروپاک-مشرق-زمین,7,7055 Petropak (729); GPPS 1233 Petropak (776); 6045petro-pak (586); 4125 Petropak (814); GPPS 1077 Petropak (775); GPPS 1115 Petropak (571); 1028 Petropak (728)
116,پتروشیمی پتروشیمی مصر,https://wikiplast.ir/petros/116/پتروشیمی-پتروشیمی-مصر,1,PVC K67 Egypt (990)
52,پتروشیمی پلی استایرن انبساطی سهند,https://wikiplast.ir/petros/52/پتروشیمی-پلی-استایرن-انبساطی-سهند,19,R450 Sahand (830); R350 Sahand (829); R250 Sahand (828); R50 Sahand (825); F450 Sahand (824); F250 Sahand (823); F50 Sahand (822); SE 100 Sahand (447); SE 150 Sahand (448); W500 Sahand (322); F350 Sahand (424); Fine Sahand (425); SE 250 Sahand (433); SE 350 Sahand (434); SE 50-Sahand (470); F100 Sahand (506); F150 Sahand (505); R100 Sahand (826); R150 Sahand (827)
53,پتروشیمی پلی استایرن انتخاب,https://wikiplast.ir/petros/53/پتروشیمی-پلی-استایرن-انتخاب,28,R100 Entekhab (821); R400HD Entekhab (717); F400HD Entekhab (714); F105 Entekhab (655); F100 Entekhab (314); F200 Entekhab (427); F205 Entekhab (791); R310 Entekhab (440); R220 Entekhab (497); R320 Entekhab (498); F405 Entekhab (507); R420 Entekhab (508); EPS Oversize Entekhab (509); EPS Fine Entekhab (510); R410 Entekhab (521); F305 Entekhab (658); F50 Entekhab (670); R400 Entekhab (441); F400 Entekhab (443); R300 Entekhab (439); F300 Entekhab (442); F100HD Entekhab (710); F200HD Entekhab (711); F300HD Entekhab (712); F305HD Entekhab (713); R200HD Entekhab (715); R310HD Entekhab (716); R200 Entekhab (738)
64,پتروشیمی پلی اکریل ایران,https://wikiplast.ir/petros/64/پتروشیمی-پلی-اکریل-ایران,9,نخ پلی استر 96F560DTA (677); نخ پلی استر 48F180DTA (678); نخ پلی استر 48F280DTA (680); نخ پلی استر 48F180DTB (684); نخ پلی استر 48F180DTC (685); نخ پلی استر 48F280DTB (686); نخ پلی استر 48F280DTC (687); نخ پلی استر 96F560DTB (688); نخ پلی استر 96F560DTC (689)
57,پتروشیمی پلی پروپیلن جم (جم پیلن),https://wikiplast.ir/petros/57/پتروشیمی-پلی-پروپیلن-جم-(جم-پیلن),40,(پودر) EP 548T Jam (923); EP 3130UV پودر (837); RP120Ls Jam (783); (پودر) EP 548R Jam (922); (پودر) HP510L JAM (896); EP4130N Jam (899); HP545J JAM (919); (پودر) HP550J Jam (939); RP230C پودر (940); EP 6540G JAM (970); EP 445L JAM (969); (پودر) RP120L Jam (947); EPD 60R Jam (815); jam (پودر) 5000S (650); 552R Jam (88); HP515M JAM (917); C30s Jam (612); 510L Jam (89); 550J Jam (91); HP 500J Jam (629); HP 502P (V30S) JAM (503); پلی پروپیلن نساجی (پودر) HP552R (580); Z30s Jam (611); HP 500P Jam (614); 564s Jam (221); 440L Jam (126); 440G Jam (62); 548R Jam (61); EP548U Jam (900); 548T Jam (219); RP340 Jam (140); RP345S Jam (774); RPX-345S Jam (249); RP 230C Jam (628); EP 3130UV Jam (802); EPX-3130UV Jam (250); (EP332L (EPC40R (451); RP 270G jam (743); HP525j jam (293); RP 120L-jam (579)
29,پتروشیمی پلی نار,https://wikiplast.ir/petros/29/پتروشیمی-پلی-نار,13,PFI090 Polynar (878); YI250 Polynar (252); SF 060 Polynar (251); YI 180 Polynar (334); P-FI-160 Polynar (531); SF11060 Polynar (254); SIF030 Polynar (255); SIF010 Polynar (227); CR 380 Polynar (253); FI 160 Polynar (530); pi 110 Polynar (602); PNR 230c Polynar (291); PNR 340R Polynar (625)
10,پتروشیمی پلیمر کرمانشاه,https://wikiplast.ir/petros/10/پتروشیمی-پلیمر-کرمانشاه,13,Bl3 Bakhtar (30); BL3 (پودر) bakhtar (671); Bl3 Bakhtar Off1 (135); BL4 Kermanshah (259); EX5 Bakhtar (96); bakhtar (پودر) EX5 (661); I4  Kermanshah (256); I4 UV kermanshah (257); I3 UV Kermanshah (260); I3 Kermanshah (261); EX3 Bakhtar (606); CRP100 Kermanshah (619); EX2 Kermanshah (258)
8,پتروشیمی تبریز,https://wikiplast.ir/petros/8/پتروشیمی-تبریز,53,PPH-XD-140 Tabriz (967); FC522 Tabriz (727); 3030UA tabriz (751); PPH-HD-225 Tabriz (785); PPH-YD-225 Tabriz (787); 0410KJ Tabriz (879); SD0150 - W1901 (901); Tabriz (سفید) ABS W1701 (930); ED-008 Tabriz (961); ABSHG0760HW1904 (931); ED-003 Tabriz (962); YD-425 Tabriz (963); ED-012 Tabriz (964); XD-075 Tabriz (965); HD-300 Tabriz (966); 0220AA Tabriz (317); 4440EA Tabriz (336); 5030EA Tabriz (338); 5218UA Tabriz (340); 4440UA Tabriz (337); 5030SA Tabriz (223); 6070EA Tabriz (342); 6070UA Tabriz (343); 0410AA Tabriz (718); 6040UA Tabriz (341); 0220KJ Tabriz (335); LL 0209KJ tabriz (316); 209Tabriz (188); 3840 Tabriz (51); 3840(پودر)-tabriz (582); 3840 Off1 (103); HIPS 7240 tabriz (55); GPPS 1540 tabriz (56); GPPS 1460 tabriz (264); 1460FG tabriz (511); GPPS 1160-tabriz (263); ABS150 Tabriz (66); ABS157 (444); ABS157W2901-tabriz (522); 10415 Tabriz (909); 10417 Tabriz (908); PPH-XD-045 Tabriz (پودر) (786); HS 221Tabriz (146); HS 321Tabriz (147); FC 422 Tabriz (726); 526WP Tabriz (512); HS121 Tabriz (315); HS521 Tabriz (262); EPS (Uncoated SuperFine) Tabriz (265); EPS (Uncoated Fine) Tabriz (266); EPS (Coated Oversize) Tabriz (267); HS421 Tabriz (148); 5218EA Tabriz (130)
20,پتروشیمی تخت جمشید,https://wikiplast.ir/petros/20/پتروشیمی-تخت-جمشید,4,1712-takhe-jamshid (422); 1502 Takht-Jamshid (466); 1220 Takht-Jamshid (491); 1202 jamshid (502)
56,پتروشیمی تخت جمشید پارس,https://wikiplast.ir/petros/56/پتروشیمی-تخت-جمشید-پارس,3,1551 Takht-Jamshid (186); 1161 Takht-Jamshid (603); Takht-Jamshid 1461 (604)
21,پتروشیمی تندگویان,https://wikiplast.ir/petros/21/پتروشیمی-تندگویان,59,WK 801L (773); WK 821 (772); HY01 (771); PET-BG781 (780S) (124); PET-BG785 (780N) (137); PET-BG821 (820S) (54); PET-BG825 (820N) (145); PET-BG735 (537); PET-BG731 (274); PET-BG732 (275); PET-BG741 (276); PET-BG845 (304); PET- BG 841 (423); BG 730N (541); BG 730S (542); BG 760N (543); BG 760S (544); BG 800N (547); BG 800S (548); BG 840N (551); BG 840S (552); TG 620N (553); TG 620S (554); TG 620SB N (555); TG 640MOD S (560); TG 620SB S (556); TG 640MOD-SB N (561); TG 640MOD N (559); TG 640MOD-SB S (562); TG 640HB N (563); TG 640HB S (564); TG 640SB N Super Bright Tondgooyan (565); TG 640SB S Super Bright Tondgooyan (566); FG 640 S (569); FG 640 N (570); TG 670S (656); نخ پلی استر 160D48FA (672); نخ پلی استر 250D48FA (673); نخ پلی استر 500D96FA (674); نخ پلی استر 160D48FB (675); نخ پلی استر 250D48Fb (676); 250D48FC (681); نخ پلی استر 160D48FC (682); نخ پلی استر 500D96FB (683); نخ پلی استر گرید WP12 (691); نخ پلی استر گرید D (692); نخ پلی استر 500D96FC (693); FG 641 (320); Super Bright- TG641 (305); LUMP 1 (324); TG641 (640S) (306); PET N (420); PET S (421); TG641 MOD (307); TG 641 Hombright (474); TG645 (640N) (308); Super Bright TG645 (319); TG 645 MOD (436); LMP tondgooyan (325)
106,پتروشیمی توسعه پلیمر پاد جم,https://wikiplast.ir/petros/106/پتروشیمی-توسعه-پلیمر-پاد-جم,1,GPPS 3160 Padjam (918)
62,پتروشیمی تولیدی پلاستیک ایسین,https://wikiplast.ir/petros/62/پتروشیمی-تولیدی-پلاستیک-ایسین,3,24N eseen Plastic (721); 14N eseen (722); 32N eseen (595)
9,پتروشیمی جم,https://wikiplast.ir/petros/9/پتروشیمی-جم,45,V30S JAM (875); Bl3 Jam (75); Bl3 Jam Off2 (138); Bl3 Jam Off1 (151); BL4 Jam (295); bl3 jam پودر (534); EX5 Jam (105); ex5 jam پودر (538); 52518 Jam (53); HMI50-jam (890); 5000S Jam (281); 52511 Jam (225); 52505UV Jam (226); 60507 Jam (189); 52518 Off (193); 52502 Jam (344); 60511 Jam (190); 52502SU Jam (345); HD534F7 Jam (346); 60507UV Jam (352); 52518 پودر (536); jam(پودر) 52511 (654); 60511UV Jam (353); 52511UV Jam (568); 52501SU Jam (618); HD 50401 Jam (347); 52528Jam (348); 60505Jam (350); 52518UV Jam (349); 60505UV Jam (351); (پودر) 52505 Jam (653); LL 235F6 jam (601); 18XF 5N jam (358); 32604UV Jam (359); LLD 22501 jam (294); 22501KJ jam (303); (پودر) 235F6 (652); 52505Jam (286); 38504 UV (355); CRP100B Jam (284); CRP100N jam (272); EX3 Jam (156); MD 3510 (525); MD 3520 (526); CRP100 N پودر (535)
54,پتروشیمی خوزستان,https://wikiplast.ir/petros/54/پتروشیمی-خوزستان,21,اپوکسی رزین جامد پودری khozestan E12 (894); 0407UR khozestan (630); PC 0710UR khozestan (587); PC 1012UR khozestan (588); 1215 khozestan (613); 0407 khozestan (599); ABS khozestan (600); LED khozestan (610); S1 khozestan (622); E6 (627); CREAM-khozestan (634); 1822UR- khozestan (635); آلیاژ پلی کربنات با الیاف شیشه (660); PC W1 khozestan (589); اپوکسی رزین مایع khozestan E06SPL (590); اپوکسی رزین جامد محلول در زایلین (591); اپوکسی رزین جامد محلول در زایلین E01X70 (592); آزمایشی اپوکسی رزین مایع E06SPL (597); اپوکسی رزین جامد E011P (593); Khozestan-E1X75LC (598); 06 EXC (719)
73,پتروشیمی دی آریا پلیمر,https://wikiplast.ir/petros/73/پتروشیمی-دی-آریا-پلیمر,11,HP515J Khomein (797); HP 550P Khomein (832); HP 520H khomein (860); 552R Khomin (840); Z30S Khomein (836); V30S Khomein (811); HP 502N Khomein (831); HP500M Khomein (799); HP500K Khomein (968); 510L Khomein (744); HP 550J Khoemin (781)
49,پتروشیمی رجال,https://wikiplast.ir/petros/49/پتروشیمی-رجال,25,1128M Regal (979); 1101M Regal (767); 1102G Regal (766); 1102K Regal (730); 1101XR Regal (750); 1102XK Regal (367); 1102XL Regal (299); 1101s Regal (287); 1102L Regal (366); 1101SL Regal (298); 1101XXS Regal (477); 1101N Regal (515); 1102M Regal (516); 1101P Regal (360); 1101XN Regal (361); 1101XP Regal (362); 1101XS Regal (363); 1101XXR Regal (364); 1102H Regal (365); 3212E Regal (369); 3212XE Regal (746); RG 3420 L-rejal (575); 3212H Regal (450); RGH&R Regal (487); 1104K regal (368)
16,پتروشیمی شازند,https://wikiplast.ir/petros/16/پتروشیمی-شازند,48,3840UA Arak (816); HP500N Shazand (932); (پودر) 3840UA Arak (849); ARM PCF55 Shazand (740); (پودر) Z30S Arak (734); BL3 Arak (374); EX5 shazand (375); 5620 Arak (129); 209Arak (210); 0410AA shazand (373); 0209KJ shazand (372); (پودر) LLD 209 arak (458); 20075AA shazand (228); 3840 Arak (289); CRP100B Arak (209); CRP 100N Shazand (432); EX3 Arak (83); DOP Oil - Shazand (514); 552R Arak (87); Z30s Arak (197); HP 502N Arak (732); V30S Arak (139); 510L Arak (153); HP 550J Arak (208); HP 554P Arak (370); HP 565S Arak (371); 552R Shazand پودر (437); ARP 512A Arak (616); (پودر) HP510L Arak (608); R 40 Arak (300); EPC40R Arak (533); R60 Arak (141); RP 210G Arak (453); (پودر) RP210G (596); (پودر) EPD 60R (607); EPQ30RF Arak (617); (پودر) EPC40R (631); EP 2X 83CE Arak (321); EP2X CI Arak (378); ARP 230 Arak (377); EP2X83CE Arak (379); RP340 Arak (224); ARP801 shazand (576); V 30GA shazand (486); 1220 shazand (490); PBR Shazand (500); 1210S Shazand (501); Rp 270G shazand (297)
2,پتروشیمی غدیر,https://wikiplast.ir/petros/2/پتروشیمی-غدیر,4,PVC S70 Ghadir (892); PVC S70 Ghadir پزشکی (971); PVC S65 Ghadir (57); PVC S57 Ghadir (118)
50,پتروشیمی قائد بصیر,https://wikiplast.ir/petros/50/پتروشیمی-قائد-بصیر,12,ABS 10442 ghaed-basir (897); N50-ghaed-basir (67); مشکی گلپایگان 90913 (818); N70-ghaed-basir (833); Absn50 (168); N45-ghaed-basir (834); Absn 75 (323); N40 (68); 10733 (72); 10720 Ghaed Basir (69); Ghaed Basir 10415 (70); Ghaed Basir 10417 (71)
98,پتروشیمی قیام نخ,https://wikiplast.ir/petros/98/پتروشیمی-قیام-نخ,5,نخ پلی استر مشکی DDB250D48FAA (838); نخ پلی استر SD160D48FAA (839); نخ پلی استر SD250D48FAA (844); نخ پلی استر SD485D96FAA (853); نخ پلی استر سفید 500D96SD (893)
24,پتروشیمی کردستان,https://wikiplast.ir/petros/24/پتروشیمی-کردستان,9,2427E04 Kordestan (976); 2420E02 Kordestan (277); 2426E02 Kordestan (494); 2420F8 Kordestan (212); 3020F9 Kordestan (517); 2426f8 Kordestan (288); 2420F3 Kordestan (381); 2420F9 Kordestan (513); 2520E22 Kordestan (933)
107,پتروشیمی کیمیا دالاهو,https://wikiplast.ir/petros/107/پتروشیمی-کیمیا-دالاهو,5,GPPS 232 Dalahou (950); GPPS 132 Dalahou (951); HIPS 732 Dalahou (952); (دالاهو) 324 GPPS (945); GPPS 241 Dalahou (949)
108,پتروشیمی کیمیا صنایع پترو انتخاب اصفهان,https://wikiplast.ir/petros/108/پتروشیمی-کیمیا-صنایع-پترو-انتخاب-اصفهان,4,(اصفهان) GPPS 132 Entekhab (953); (اصفهان) GPPS 232 Entekhab (954); (اصفهان) GPPS 241 Entekhab (955); (اصفهان) GPPS 324 Entekhab (956)
17,پتروشیمی لاله,https://wikiplast.ir/petros/17/پتروشیمی-لاله,10,2102TX00-Lale (33); 2100 Lale (79); 2102tn 42 Lale (528); 2100 TN42 Lale (384); 2404 TC47 Lale (387); 2004 TC37 Lale (388); 2101 TN47 Lale (389); 2102TN Lale (271); 2004Tc Lale (159); 1922T lale (160)
18,پتروشیمی لرستان,https://wikiplast.ir/petros/18/پتروشیمی-لرستان,31,LLD 18B04 Lorestan (895); Lorestam (پودر) 54B04 (733); Lorestan(پودر)22b03 (856); lorestan(پودر) 22B01 (737); 22B02KJ Loresatan (877); 6040Lorestan (پودر) ‎ (812); 62N07UV Lorestan (215); 6040UV‎ Lorestan‎ (695); 54B04UV lorestan (213); 54B04 lorestan (390); 62N11UV Lorestan (397); 52B11UV Lorestan (392); 52B18 Lorestan (393); HD52 BF3 Lorestan (398); HD48 BF7 Lorestan (399); HD50 B01 Lorestan (400); 62N18 Lorestan (394); 52B18UV Lorestan (391); 52B07 Lorestan (623); 5030SA Lorestan (778); Lorestan(پودر)62N07 (657); 6040‎ Lorestan‎ (694); 62N07 Lorestan (621); 62N18UV Lorestan (395); 62107UV Lorestan (401); 22B02 Loresatan (648); 22B01 Lorestan (649); 22B03 Lorestan (646); Lorestan(پودر) 22B02 (664); LLD 22402 Lorestan (187); 3840UA lorestan (779)
11,پتروشیمی مارون,https://wikiplast.ir/petros/11/پتروشیمی-مارون,45,HP560R Marun (936); Rp 270G Marun (943); EP 540N Maron (864); MR 240C Marun (741); RP 210M Marun (736); HP 565S-AG Marun (735); Bl3 Marun (31); Bl7 Marun (957); Bl3 Marun Off2 (152); EX5 Marun (50); I4UV Marun (406); I4 Marun (407); EX3 Marun (845); مارون CRP 100B (408); CRP100N Maroun (104); 552R Maroun (174); Z30S Marun (65); F 30G Marun (404); Z30G Marun (169); V30G Marun (162); V 30S Marun (403); HP 500J Maroun (413); HP 501D Marun (640); X30G Marun (296); C30G Marun (282); C30S Marun (64); HP 550J Marun (609); HP 562S Marun (643); 565S Marun (667); V 79S Marun (311); X30S Marun (540); F30S Marun (523); HP 456J Marun (529); V 79G Marun (405); EP 548R Maron (701); MR230 Marun (63); RP340R Marun (700); RP 210G Marun (934); R40 Marun (409); EP1 X35 AF Marun (410); T 31SE Marun (411); T 30G Marun (412); RP240G Marun (581); EP1 X30F Marun (539); HP 525J maron (504)
58,پتروشیمی محب بسپار ایده گستر,https://wikiplast.ir/petros/58/پتروشیمی-محب-بسپار-ایده-گستر,3,GPPS 1109 Moheb baspar (889); GPPS 1105 Moheb baspar (911); 4512Moheb Qom (482)
51,پتروشیمی محب پلیمر قم,https://wikiplast.ir/petros/51/پتروشیمی-محب-پلیمر-قم,2,MP08 Moheb Qom (435); DOP Oil روغن دی او پی (194)
19,پتروشیمی مهاباد,https://wikiplast.ir/petros/19/پتروشیمی-مهاباد,23,54B04 (پودر) Mahabad (886); 54B04 Mahabad (873); 54B04UV Mahabad (872); HD-3840UA Mahabad (871); HD-6040UV mahabad (870); 6040HD mahabad (869); 62N07 Mahabad (859); (پودر) 62N07UV (857); Mahabad (پودر) 62N07 (851); 62N07UV Mahabad (848); 22B02 Mahabad (203); 22B01 Mahabad (402); 22B03 Mahabad (211); 20 Bf5 Mahabad (459); 22BF7 Mahabad (524); 18B01 mahabad (475); LL 22B01 KJ mahabad (492); LL 22B02 KJ Mahabad (493); mahabad(پودر) 22B02 (632); mahabad(پودر) 22B01 (633); 20BF5 mahabad (پودر) (666); ‏Mahabad(پودر)22B03 (702); LL 20BF5 Mahabad (527)
13,پتروشیمی مهر,https://wikiplast.ir/petros/13/پتروشیمی-مهر,4,F7000 LMP Mehr (863); 7000F LMP (843); F7000 Mehr (20); LMP mehr (445)
63,پتروشیمی میاندوآب,https://wikiplast.ir/petros/63/پتروشیمی-میاندوآب,17,7000F LMP (842); Miandoab(پودر)62N07 (948); Miandoab (پودر) 6200B (942); 8200B miandoab (880); F7000 LMP Miandoab (850); 7000F LMP (847); (پودر) 52B18 (769); 52B18UV LMP Miandoab (835); 6200B miandoab (861); F7000 Miandoab (651); miandoab (پودر) F7000 (665); 62N07UV Miandoab (668); 52B18UV Miandoab (696); 52B02UV Miandoab (902); 62N07 Miandoab (669); 6300Miandoab (891); 52B18 Miandoab (699)
22,پتروشیمی نوید زرشیمی,https://wikiplast.ir/petros/22/پتروشیمی-نوید-زرشیمی,33,(پودر) ZH510L Navid (888); (پودر) ZR230C (858); (پودر) HP550J Navid (777); ZB 548U (520); 552R Navid (222); ZH 500M Navid (416); ZH 515 MA Navid (268); 510L Navid (90); ZH 550J Navid (270); (پودر) ZH552R (663); ZB 545L Navid (278); ZH564S (481); ZH 422H Navid (418); ZH 520J Navid (419); ZB 440L Navid (415); ZB 548R Navid (301); ZB 548T Navid (302); ZR230 Navid (142); ZRCT 230C Navid (452); 332C Navid (136); ZR340r Navid (292); ZB532C Navid (518); ZR 348U Navid (519); (پودر) ZB 332C (626); (پودر) ZH500M (636); Navid (پودر) ZB 548R (638); (پودر) ZR348T (690); ZB 432L Navid (414); ZR 348T Navid (417); EP 440L Navid (431); 332L Navid (143); ZB 445L Navid (449); ZH 525J navid (269)
67,پتروشیمی هشت بهشت کیش,https://wikiplast.ir/petros/67/پتروشیمی-هشت-بهشت-کیش,7,نخ پلی استر SD250D48FAA (706); نخ پلی استر SD485D96FAA (707); نخ پلی استر مشکی DDB250D48FAA (708); نخ پلی استر مشکی DDB485D96FAA (709); نخ پلی استر SD160D48FAA (720); SD160D144FAA (731); نخ پلی استر سفید 500D96SD (881)
99,پتروشیمی هگمتانه,https://wikiplast.ir/petros/99/پتروشیمی-هگمتانه,1,hegmataneh (پودر) PVC S70 (846)
