product_name,url,image_url,company_name,view_count
مستربچ 18-818 طوسی,https://wikiplast.ir/products/2090/مستربچ-18-818-طوسی,/images/products/smallphoto/small-2530-1657950174.jpg,کربی پلیمر  - دفتر سپیدار649,کربی پلیمر  - دفتر سپیدار649
لیوان 400 سی سی,https://wikiplast.ir/products/48/لیوان-400-سی-سی,/images/products/smallphoto/small-6624-1547282424.jpg,صنایع پلاستیک سپهر7056,صنایع پلاستیک سپهر7056
مستربچ سبز مردابی 50140 بهسا پلیمر_مستربچ رنگی,https://wikiplast.ir/products/592/مستربچ-سبز-مردابی-50140-بهسا-پلیمر_مستربچ-رنگی,/images/products/smallphoto/small-5182-1571902702.jpg,بهسا پلیمر پارس6276,بهسا پلیمر پارس6276
باکس لولایی 750 سی سی - کد 6154,https://wikiplast.ir/products/497/باکس-لولایی-750-سی-سی---کد-6154,/images/products/smallphoto/small-7887-1570518399.jpg,صنایع پلاستیک خوزستان2258,صنایع پلاستیک خوزستان2258
مستربچ نقره ای متالیک - کد 3000,https://wikiplast.ir/products/1426/مستربچ-نقره-ای-متالیک---کد-3000,/images/products/smallphoto/small-1442-1614769587.png,کربی پلیمر - هستی کالر2478,کربی پلیمر - هستی کالر2478
بشقاب هگزا,https://wikiplast.ir/products/84/بشقاب-هگزا,/images/products/smallphoto/small-5024-1547378695.jpg,گروه صنعتی دانش بنیان طب پلاستیک1837,گروه صنعتی دانش بنیان طب پلاستیک1837
درب مستطيلي دهانه 130*90 pt شفاف 5 گرمي,https://wikiplast.ir/products/607/درب-مستطيلي-دهانه-130*90-pt-شفاف-5-گرمي-,/images/products/smallphoto/small-6719-1573385675.jpg,لبن ظرف الوند1593,لبن ظرف الوند1593
بطری 350 سی سی طرح آراد خویدک,https://wikiplast.ir/products/4188/بطری-350-سی-سی-طرح-آراد-خویدک,/images/products/smallphoto/small-568-1760188751.jpg,پیشرو پلاستیک خویدک108,پیشرو پلاستیک خویدک108
تولیدسبد گوجه فرنگی کد k16,https://wikiplast.ir/products/1268/تولیدسبد-گوجه-فرنگی-کد-k16,/images/products/smallphoto/small-6435-1610539308.jpg,ری پلاستیک5983,ری پلاستیک5983
مستربچ 18-818 طوسی,https://wikiplast.ir/products/2090/مستربچ-18-818-طوسی,/images/products/smallphoto/small-2530-1657950174.jpg,کربی پلیمر  - دفتر سپیدار649,کربی پلیمر  - دفتر سپیدار649
لیوان 400 سی سی,https://wikiplast.ir/products/48/لیوان-400-سی-سی,/images/products/smallphoto/small-6624-1547282424.jpg,صنایع پلاستیک سپهر7056,صنایع پلاستیک سپهر7056
مستربچ سبز مردابی 50140 بهسا پلیمر_مستربچ رنگی,https://wikiplast.ir/products/592/مستربچ-سبز-مردابی-50140-بهسا-پلیمر_مستربچ-رنگی,/images/products/smallphoto/small-5182-1571902702.jpg,بهسا پلیمر پارس6276,بهسا پلیمر پارس6276
باکس لولایی 750 سی سی - کد 6154,https://wikiplast.ir/products/497/باکس-لولایی-750-سی-سی---کد-6154,/images/products/smallphoto/small-7887-1570518399.jpg,صنایع پلاستیک خوزستان2258,صنایع پلاستیک خوزستان2258
مستربچ نقره ای متالیک - کد 3000,https://wikiplast.ir/products/1426/مستربچ-نقره-ای-متالیک---کد-3000,/images/products/smallphoto/small-1442-1614769587.png,کربی پلیمر - هستی کالر2478,کربی پلیمر - هستی کالر2478
بشقاب هگزا,https://wikiplast.ir/products/84/بشقاب-هگزا,/images/products/smallphoto/small-5024-1547378695.jpg,گروه صنعتی دانش بنیان طب پلاستیک1837,گروه صنعتی دانش بنیان طب پلاستیک1837
درب مستطيلي دهانه 130*90 pt شفاف 5 گرمي,https://wikiplast.ir/products/607/درب-مستطيلي-دهانه-130*90-pt-شفاف-5-گرمي-,/images/products/smallphoto/small-6719-1573385675.jpg,لبن ظرف الوند1593,لبن ظرف الوند1593
بطری 350 سی سی طرح آراد خویدک,https://wikiplast.ir/products/4188/بطری-350-سی-سی-طرح-آراد-خویدک,/images/products/smallphoto/small-568-1760188751.jpg,پیشرو پلاستیک خویدک108,پیشرو پلاستیک خویدک108
تولیدسبد گوجه فرنگی کد k16,https://wikiplast.ir/products/1268/تولیدسبد-گوجه-فرنگی-کد-k16,/images/products/smallphoto/small-6435-1610539308.jpg,ری پلاستیک5983,ری پلاستیک5983
